x,y
,0
,1
,1
,0
,0
,1
,0
,1
,1
,0
,0
,0
,0
,0
,1
comedies comedies,1
,1
,1
,1
,1
list,0
,1
,1
,0
,1
,1
,0
,1
,0
,0
,0
,1
,1
,1
,1
,0
,0
successfully,0
,0
,0
,1
,1
,0
successfully,0
,1
,0
,1
,1
,0
,1
,1
haiku haiku,0
,0
,0
,0
comedies,1
,1
,0
,0
,1
,1
,1
,0
,0
,0
comedies,0
,0
,0
,1
,0
,1
,0
,0
,0
,1
,0
,1
,0
,0
,1
,0
,1
,0
,0
,1
,1
,0
,0
,1
,1
,0
,1
,0
,1
,0
,0
,1
,0
,0
,1
,0
,0
,0
,1
,1
,0
,1
,0
,1
,1
,0
,0
,0
,0
,1
,1
comedies,0
list comedies list comedies,0
,1
,1
,1
,1
,0
,1
,1
,1
,0
,0
,1
,0
,0
,1
,0
,0
,1
,1
,0
,0
,1
,0
,1
,1
,1
,0
pursues,1
,1
,1
,1
,1
,1
,0
,1
,0
,0
,1
,0
,0
,0
,1
,1
,0
,1
,1
,1
,1
,1
goofier,0
,1
,1
,1
,1
,1
,1
,0
,0
,0
,1
,0
,0
,0
,0
,0
,0
,1
,1
,1
,1
,1
,1
,0
,0
,0
,0
,0
,1
denizens,1
,1
,1
,1
,0
,1
,0
,0
,0
,0
,0
,1
,0
,0
,0
,1
,1
,0
neer,0
,0
,1
,1
,0
,1
,0
,1
,0
,0
,0
list,1
,0
,0
,0
list,0
,1
,0
,0
,1
gunrunners,1
,0
,1
,1
,1
,0
,0
,1
,0
,1
,1
,1
,1
,1
beacon,1
,0
,0
,1
list,1
disgusted,1
,1
,0
,0
,1
,1
list,0
,0
,0
,1
,1
list,0
,1
,1
,0
,0
,1
,1
,1
,1
fluid,0
,1
,0
,1
,1
,1
,1
,1
comedies,1
,0
,1
,0
,0
,1
,0
,1
,1
,0
disgusted,0
,0
,1
,1
,1
,0
,0
,0
,0
,0
,1
,1
,0
,0
,0
,0
,0
,0
,0
,1
,0
,0
,0
list,1
,0
,0
,0
,1
,0
,1
,0
,1
,0
,1
,1
,0
,0
,0
,1
sundance,1
,1
,1
,0
,0
lex,1
,1
list list,1
,0
,0
,0
,0
,0
,0
,0
,1
,0
,1
,0
,1
,0
,1
,1
,0
,0
,0
,1
,0
,0
,0
,1
,0
,0
,0
,1
,0
,0
,1
,0
,1
,0
,1
,0
,1
fluid,1
,1
,0
,1
,0
list,0
,1
,0
,0
,0
,0
,1
,1
,1
,0
,1
,0
,1
,0
,1
,0
successfully comedies,0
,0
,1
,1
,0
,1
,1
chew,0
,1
,0
,0
,0
comedies comedies,1
haiku,0
,1
,0
,0
,0
,1
,0
,1
,1
,1
,0
,1
effectsthe,0
,1
,1
,1
list,0
comedies,1
,0
,0
,0
,0
,1
willard comedies,0
,0
,0
,0
,1
,1
,1
,0
,1
showthis,0
,0
,1
,0
,0
,0
,1
,1
,1
,0
,1
,1
list,0
,1
,0
,1
,1
,0
,1
,1
list,1
,0
,1
,1
,0
,0
,1
,0
,1
,1
,1
,0
,1
,1
,0
,0
,1
,0
,1
,1
,0
,1
,1
,1
,0
,0
successfully,1
,1
,1
,0
,0
,1
,0
,0
,1
,0
,1
,1
,1
,1
,0
,1
,1
,0
,0
,1
,0
,0
,1
,0
,0
,0
,1
,1
,1
mismatched comedies,1
,1
,0
,0
,0
,0
,1
,0
,1
,1
,0
,0
breakthrough,0
comedies,1
,1
,0
,1
,1
,0
,0
,0
,0
,1
,1
list,1
,1
,1
,1
,0
,1
,0
,0
,1
,1
,1
,0
breakthrough,1
,1
,1
,0
,1
,0
,1
,0
,0
,0
,0
,1
,1
pursues,0
,1
,0
,1
,1
,0
,0
,1
,1
,0
,1
,0
,1
,1
,1
,1
,0
,0
,1
,1
,0
,1
wikipedia,0
,1
,0
,0
,0
,0
,0
,0
,0
,0
,1
,1
,0
,1
,1
,0
,0
,0
,1
,0
,1
,0
,0
,0
,0
,0
,0
,1
,1
,0
,0
,1
,1
,1
,1
,0
,0
wilting,0
,1
,0
,1
,0
,1
,1
handicap,0
,0
,1
,1
,0
,1
,1
,0
,0
,0
,1
,1
,1
,0
,1
,0
,0
,0
,1
,1
,0
,1
,1
,0
,0
,1
,0
,0
,1
,1
,0
,0
,0
,0
,0
,1
,0
,0
psychedelic,0
comedies,1
,0
,1
,0
,0
,1
,0
,0
,1
list,0
,1
,0
,1
,0
,0
,0
,0
,0
,1
,0
,0
,0
,0
,1
,0
,0
,1
,0
,0
,1
,0
,0
,1
,1
,0
,0
,0
,1
,1
,0
,0
,1
,0
,1
chew,0
,0
,1
,1
,1
,1
,0
,0
,1
,0
,1
,0
,1
,0
,1
,1
,0
,1
,0
,0
,0
,0
,0
,1
,1
,0
,1
,0
,1
,0
,1
,1
,1
,1
,1
,0
,0
,0
,1
,0
,1
uturn,1
,0
,1
,0
,0
,1
,1
,1
,1
,0
,0
,0
,0
,0
,0
,1
successfully,1
,0
comedies,1
,0
comedies comedies,0
,1
,1
comedies comedies,1
,1
,0
,0
,1
,0
,0
,0
,0
centerers,1
,1
,1
,0
,0
,1
comedies,1
,0
,0
,0
,0
,1
,1
,1
effectsthe,0
,0
,1
,1
,1
,0
,1
,1
,1
successfully,1
comedies,1
,1
,0
,0
,0
,0
,0
,0
,1
successfully,0
,0
,1
,1
,1
,1
,1
,0
,1
lex,1
,0
,1
,1
,0
,0
,1
successfully,1
,1
,0
,0
,0
,0
comedies,1
,0
affleck affleck,0
,0
,0
,0
,0
,1
,1
,0
,0
,1
,0
,0
,0
,1
,0
,1
,1
,0
,0
,0
,1
,0
,0
,0
,0
,0
,1
,1
,0
,1
,0
,1
,1
,0
,0
comedies,0
,0
,0
,1
,0
fluid breakthrough,1
,0
,1
,0
,1
,0
,0
,0
,0
,1
,1
,1
,0
,0
,0
,0
,0
,1
,1
,0
,0
,1
,1
,1
,1
,1
,1
,0
,0
,1
,1
,1
,0
,0
,1
,0
,0
,0
successfully,0
,1
,0
,0
,0
,1
,0
,1
,1
,1
,1
,1
,1
,0
,0
,0
,0
,1
,0
,1
,0
,0
,0
,1
,1
,0
,0
,0
,0
,0
fluid fluid,0
,0
,0
,0
,1
,0
,1
,0
,0
,1
,1
,1
,0
,1
,1
,1
,1
,0
,0
,1
,0
,0
,1
,1
,0
,1
,1
,0
,0
successfully,0
,0
,0
,0
breakthrough wikipedia butterfly successfully,1
,0
,1
,0
,1
,1
,0
,1
,0
,1
comedies comedies,0
,1
,0
,1
list mediocritydue filmsome,0
,1
,0
,1
,1
,1
,0
,1
,1
,0
,1
,1
,0
,1
,0
,1
,0
,1
,1
,1
,0
,1
,0
,0
,0
,0
,1
,1
,1
comedies,1
,0
,1
,1
,1
,1
,1
,1
,0
list,0
,1
,0
,1
,0
,1
,0
,0
,0
,0
,0
,1
,1
,0
,0
,0
,1
,0
,0
,0
,1
,0
,1
,0
,0
,0
,0
,0
,0
,0
,0
,1
,0
,0
,0
haiku,0
,0
,0
,1
,0
,1
,1
,1
,0
,0
,0
,1
,1
,0
,1
,0
,0
,0
,0
,0
,0
,0
,0
,1
,0
,0
,0
,1
,1
,1
,0
,1
,1
,0
,1
,0
,0
,1
,1
,0
,0
,0
,0
successfully,1
,1
,1
,1
showthis,0
,1
,0
,1
,1
,0
,1
,1
,1
,0
,0
,0
,0
,0
,1
,1
,0
,0
comedies,1
,1
,0
list,1
,0
,1
,0
,1
,0
,1
,1
,1
,0
,0
denizens,1
,1
,1
,1
,0
,0
,1
,0
,1
,1
,0
,1
,0
,0
,1
,0
,0
,1
,0
,0
,0
,0
,0
,1
,1
,0
,1
,0
,0
,1
,1
,0
,1
,0
rereleased,0
,0
,1
,1
,1
,1
,1
,1
,1
,0
comedies,0
successfully,1
disgusted,1
mismatched,0
list filmwhat,1
,0
,1
,1
,1
,1
,0
,1
,1
,0
,1
,0
,1
,0
,1
,0
,0
,0
comedies,1
,1
,0
,0
,1
,0
,0
,1
,1
,1
,1
,1
,1
,1
,0
,0
,0
,1
,1
,1
,0
,0
,0
,0
comedies,0
,1
,1
,0
,1
,0
,1
,0
,1
,1
,0
,0
,1
pursues pursues,1
,1
,0
,1
,0
,0
,0
,1
,1
,0
,1
,1
,1
,0
,0
pursues,0
,0
,0
,1
,0
,1
,1
,1
,0
,0
,0
,1
,0
,0
,1
,0
wouldthis,0
,1
,1
,1
,1
,0
,1
,0
,1
,0
,0
,0
,0
,1
,0
,1
,1
,1
,0
laboratory,0
,0
,1
,0
,1
,1
,0
,0
,0
,1
,0
,1
list,0
,1
,1
,1
,0
,0
,0
,0
comedies,1
,1
list,1
,1
,1
,0
,0
list,1
,1
,0
,1
,1
,1
,0
,0
,1
,0
,0
,1
,0
,0
,1
,0
,1
,0
,0
,1
,0
,0
,1
,0
,0
,1
,1
,0
,1
,1
,0
disgusted,1
,0
,1
,1
,1
,1
,1
,0
,0
,0
,1
,0
,1
,0
,0
,1
,1
,0
graduallydespite,0
,1
,1
fluid,0
,1
,0
,1
,0
,0
,1
,0
,1
pursues,0
,0
,1
,1
,1
,0
,0
,0
,1
,0
denizens,1
,1
,0
,1
,1
,0
,0
,1
,0
,0
,1
,0
,1
,0
,1
beacon beacon,0
,1
successfully,1
,0
,0
,0
,0
,1
,0
,0
,1
,0
,0
,0
,0
,1
,0
,1
,0
,0
,0
,1
sundance sundance,1
successfully,1
,1
,1
,1
,0
,0
,1
comedies,0
,1
,0
comedies comedies,1
,0
,0
,0
list,0
,0
,1
,1
affleck,1
,1
,0
,1
,0
,0
,1
,0
,0
,0
,1
,1
,1
,1
,1
,0
,1
,1
,0
,1
,0
,1
,1
,1
,1
,1
,0
,0
,0
,1
,0
,0
,0
,1
,0
,1
,1
lex,0
,1
,1
,1
,1
,0
,0
comedies,0
,0
,1
,0
,1
,0
,1
comedies,0
,0
,1
,0
,0
,1
,1
,1
,0
,0
,0
,1
,1
,1
,1
,0
,0
,1
,0
,1
,1
,1
,1
,0
list list,1
,1
,0
,0
,0
,1
,0
,0
,0
,0
affleck,1
,0
,0
,1
,0
,0
,0
,0
,0
,1
,0
,1
,1
,0
,1
,0
,1
,0
,1
,0
,1
,0
,1
,1
successfully,0
,0
,0
,0
,1
,0
,0
,1
,0
,1
,0
,1
,1
,1
,1
,1
,1
,1
,0
,1
,0
,1
,1
,1
,1
,0
,1
,0
,1
,1
,1
,1
,1
,1
,0
,0
,1
,0
,1
,0
,0
,0
,1
,1
,1
,0
,0
,0
,1
laboratory breakthrough laboratory,0
,0
,0
,1
,0
,1
,1
,0
,0
,0
,0
,1
,0
,0
,1
pursues,0
sundance,1
,1
rereleased,1
,1
,1
,0
,1
,1
,1
,0
,1
,0
,1
,0
,1
,1
,1
,0
,0
,1
,0
,0
,1
,0
,0
,0
,0
,0
,1
,1
,1
,0
,0
,0
,1
,1
,0
,0
,0
,1
,0
,0
,0
,0
,1
,1
,0
,1
,1
,0
laboratory,1
,1
,0
,1
,0
,1
,1
,1
,0
,1
,1
,1
,0
,0
,0
,0
,0
,0
,0
,1
,0
,1
,0
,1
,0
,1
,0
,1
,0
,0
,0
,1
,0
,1
fluid,0
denizens,1
,1
,0
,0
,1
,1
,1
,0
,0
streeps,1
,0
successfully,1
,1
,1
list,0
pursues,0
,1
,0
,1
,1
,1
,0
,1
,1
,0
,0
,1
,1
,1
,1
,0
,0
,1
,0
,0
,1
,1
,1
,1
,1
,0
,0
,0
,0
,1
,0
,1
,1
,0
,1
,1
,1
,0
,1
,1
,0
,0
denizens,1
,0
,0
youngster,0
,1
,1
,1
,1
,1
,1
,1
,0
,1
,0
successfully successfully,1
,1
,1
,1
,1
,1
,1
,1
,0
,0
,0
,0
,0
,1
,0
,1
,1
,1
list,0
,0
,1
,1
,1
,0
,1
,1
,1
,1
,0
,1
,0
list,1
,0
,0
,1
,1
,0
,1
,0
,1
,0
,0
,0
,1
,1
,0
lex lex,0
,0
,1
,1
,1
list,0
,0
,1
,0
,0
,0
,1
selfimportance,0
,0
uturn,0
,1
,0
,0
,1
,1
psychedelic,0
,1
,0
,1
,1
,1
,0
,0
,0
,1
,0
,1
,1
,0
,0
,1
,0
,0
,0
,0
,1
,0
,0
,1
,0
,1
,0
,0
,1
,0
successfully,1
,1
,0
,1
,1
,1
,1
successfully quake,0
,0
,0
mismatched,1
list,1
,1
,0
,0
,0
,1
,1
,1
,1
,0
,1
,1
,1
butterfly,1
,0
,0
,0
,0
,1
,1
list,0
,1
,1
,1
,0
,0
,1
,1
,1
,1
,0
,0
,1
,0
,0
,0
,1
,1
,1
list,1
,1
,1
,1
,0
,0
,1
,0
,0
,0
comedies,1
,1
,0
ajas,0
,1
,1
,0
,0
,1
,1
,1
,1
,0
,1
,1
,0
,1
,1
,0
,0
chew,0
,1
,0
,1
,0
,0
,0
,0
,1
,0
,0
,0
,1
,1
,0
,1
,0
,1
,1
,1
,0
,0
,1
breakthrough,1
,0
comedies,0
,0
,1
,0
,0
wikipedia,0
,1
,1
,0
,1
,0
,0
,1
,0
,1
,1
,1
,1
,1
,1
,1
,0
comedies comedies,0
,1
,0
,0
,0
,1
,0
,1
,0
,1
,1
,0
,1
,1
list,0
,0
,1
,0
,1
,1
,0
,0
effectsthe,0
,0
,0
,1
,0
,0
,1
,1
,1
,1
uturn,0
,1
,0
,0
,0
filmsome,1
list,0
,1
,1
,0
,1
,1
,0
,1
,0
,0
,1
,0
,1
,0
,1
,1
willard,1
,0
,1
,1
,0
,1
,0
,1
,0
,1
,0
,0
,0
comedies,1
,1
,0
,1
,1
,0
,1
,0
,1
,1
,0
,0
pursues,1
list,1
,1
,1
,0
,0
,0
,1
list,1
,1
,1
,0
,1
,0
,1
,0
,0
,0
,0
,1
,1
,1
,1
,1
,1
,0
,0
list,0
,0
,1
,0
,1
,1
,0
,0
laboratory,0
,0
,0
,0
,0
,0
,0
,0
,1
,0
,0
ambiguities,1
,1
,0
,0
,1
,0
,0
,0
,0
,0
,0
,0
,0
comedies,1
,1
,1
,1
,1
,0
,1
,0
,1
,1
,0
,1
tripods tripods tripods,1
,0
,0
,0
,0
,1
,0
,0
,0
,1
haiku,0
,1
,1
,0
,1
,0
,1
,0
,0
,0
,0
,0
,0
,1
,1
,0
,0
,0
,1
,0
,1
,1
,0
,0
,0
,1
,1
,0
,0
,1
,1
,0
,0
,0
,0
,1
,0
,0
list,1
,1
,0
,0
,0
,1
,1
mismatched,0
,1
,1
,0
,1
,0
,0
,0
,1
,1
,0
,0
,0
,0
,1
,0
comedies,0
,1
,1
,0
,1
,0
,1
,1
,1
,1
,1
,0
,0
,1
list list list,0
,1
,0
mismatched,0
,1
,0
,1
,1
,0
,1
list,0
,1
,1
,0
,1
,0
,1
,1
,1
,0
,1
,0
,1
comedies list,0
,1
,0
,1
,1
,0
,0
,0
,0
,0
,1
,0
,0
,1
,0
,1
,0
,1
,0
,0
,1
,1
,1
,1
,1
,1
,1
,1
,1
fluid,1
list,1
rocketmissile,1
,1
,1
,0
,1
,0
,0
,0
,1
,1
,0
,1
comedies,1
,1
,1
,0
,0
,1
,0
,1
successfully,0
,0
,1
,0
,0
,1
,1
,1
,0
,1
,0
,1
,1
,0
,1
,1
,0
,0
,0
,1
,0
,0
,1
,1
,1
,0
,1
,1
,0
,0
,1
,0
,1
,1
,0
,0
,0
,1
,1
didactic,0
,0
,0
,1
,0
,0
,1
,0
,1
,1
,0
,1
,0
,1
,1
,1
,0
,1
,0
,0
,1
butterfly,0
,1
,1
,0
,1
breakthrough,1
,1
,0
,0
,1
,0
,1
,1
,1
,1
,0
,1
,0
,0
,1
,1
,0
list,0
,1
,1
,0
,1
,1
,0
,1
fluid,1
,0
,1
list,1
,1
,0
,0
,0
,1
,1
,1
,1
,0
,1
,1
,1
,1
,1
,0
,1
,1
,0
,1
,1
,0
,1
,1
,1
,0
,1
4year,1
,0
,0
,1
,0
,1
,0
,0
strindbergfor,1
list,0
,0
,0
,1
,1
,0
,1
,1
,1
,0
,0
,1
,0
,0
,1
,0
,0
,0
,0
,0
,0
,1
,0
,1
,0
,0
,0
,1
,1
,0
,0
list,0
,1
,1
,0
,1
,0
,1
,1
,0
,0
,0
,0
,1
,1
,0
,0
,0
,0
,1
,0
,1
,1
,0
,0
,0
,1
,1
,1
,1
,0
,0
,0
,0
,1
,1
,1
,0
,1
,1
,0
,1
,1
,1
,0
,0
,1
,0
,0
list,1
,0
,0
,1
,1
,1
disgusted,0
,1
,0
,0
,0
,1
,0
,0
,0
,0
,0
,1
,0
zombified,0
,1
,0
,0
,1
,0
,1
,1
,1
,0
comedies,1
,1
,1
,0
,0
,1
,0
,0
,1
,0
,0
,0
,1
,0
,0
,1
,0
,0
,1
,1
list,0
,0
comedies comedies,1
,0
,0
spriggs,0
,1
,0
comedies,1
,1
,0
,0
sundance sundance,1
,1
,0
,1
,0
,0
,0
,1
,1
,0
,0
,1
,1
,0
,0
,1
,0
believeled,1
,0
,1
,0
,0
,0
,1
,1
,1
,1
,1
,0
,1
,1
,1
,1
,0
,1
,1
,0
,1
pursues,1
,0
,0
,0
,1
,0
,0
,0
,1
,0
,0
,1
,1
,0
,1
,1
,0
,0
,1
,0
,1
,0
,0
,0
,0
,1
,0
,1
,1
,0
,1
,1
,1
,0
,1
,0
,0
,1
,0
tripods,1
,1
,1
,1
,1
,1
,1
,1
,0
,0
,1
,0
,0
,0
,1
,0
,0
,0
,1
,0
,0
,0
,1
,0
,1
,0
,0
,0
,0
,1
,0
,0
,1
,1
,1
,1
,1
,0
,0
,0
,0
,1
,1
,1
,0
,0
,0
,1
,0
list,0
,1
,0
,1
,1
,1
,1
,1
,1
,1
,0
,1
,0
comedies,1
,1
,1
,1
,0
,1
,1
,0
,0
,1
,0
comedies,1
,0
,1
,0
,1
,0
,1
,0
,0
list,1
,0
,1
,0
,1
,1
,1
,0
,1
,1
,1
,0
,0
,1
comedies,0
,1
,0
list,0
,0
,0
,1
,0
,1
,1
,0
,1
,0
,0
,1
,1
,0
,1
,0
,1
,1
,1
,1
,0
,0
,1
,0
,1
,0
,1
witnessdixon successfully,1
,1
list,0
,1
,1
,0
,1
,1
,0
,1
,0
,0
didactic breakthrough,1
,0
,0
,0
,1
,0
,0
,1
,0
,0
,0
,0
,1
,1
,0
,0
,1
,1
,1
,0
,0
,0
,1
,0
,1
,0
,1
,1
,1
,0
,0
,0
,1
,1
,1
,0
,0
,0
,0
,1
fluid,0
,1
,0
,1
,1
,0
,1
,1
,1
,1
,1
,1
,0
,1
,1
,1
,1
,1
,1
,0
,0
,1
,0
,1
,0
,0
,0
,0
miamivice,0
,1
,1
,0
,0
,1
,1
,0
,0
,0
disgusted,1
,0
,0
,0
,0
,0
,1
s01e01,1
,0
,0
,0
,1
,0
,0
list,1
,1
,1
,0
,1
,0
,0
,0
,1
,0
,0
,0
,1
,0
,0
,1
,1
,0
,0
,0
,1
,1
,0
,1
,1
,0
,0
,0
,1
,1
,1
,0
,1
,0
,0
,1
,0
comedies,0
,0
,0
,1
,0
,0
,0
,0
,1
,1
,0
,1
,0
,1
,0
,0
,0
,1
,0
,1
,0
,0
,1
list,1
,1
,0
,0
,1
,0
,1
,1
,0
,1
,0
,0
,1
,1
,0
,0
,0
,1
,1
,1
disgusted,0
,1
,0
,1
,0
,1
,1
,0
,0
,0
,1
,0
,1
,1
,0
,1
,0
,1
,1
,0
butterfly,0
,0
,1
,0
,1
,0
,1
,1
,1
,0
,1
,1
,0
,0
,0
,0
,0
,1
,0
,0
,1
,0
,0
,0
,1
,0
,1
,0
,0
list list,0
,1
,1
,0
,0
,1
,1
,0
,1
,0
,0
,1
,0
,0
,0
,1
,1
,1
list,1
,1
,1
,1
,0
,0
,1
,0
list,0
,0
,0
comedies,1
,0
,1
,1
,0
fluid,0
,1
,0
,1
,1
,1
,0
,0
,0
,1
,1
,1
,0
,0
,0
,0
,0
,0
,0
,0
,1
,0
,1
,0
,0
,0
,1
,1
,0
,0
,0
,1
,1
,0
,0
,1
,0
,1
,0
,1
,0
,1
,0
,0
,0
,1
,1
,0
,0
,0
,1
,0
,1
,1
,1
,0
,1
,0
,1
,1
,1
,1
,0
list list,1
,1
,1
,0
,0
,0
,1
,0
,1
,0
,1
,0
,1
,0
,0
,1
,0
list,1
,1
,1
,0
,1
,1
,0
,1
,0
,1
,0
,1
,0
,1
,1
,1
,0
,0
,1
,1
,1
,1
,1
,1
,1
,1
,1
,1
,1
,1
,1
,0
,0
comedies list,0
,1
,0
,1
,1
,0
,1
,1
,0
,0
,1
,1
,0
,1
,1
,1
,0
,1
,1
,1
,0
,1
,1
,0
,1
,0
,0
,0
,1
,1
,1
,0
,0
,1
,1
,1
,1
,1
,1
,1
,1
,0
,1
,0
,0
,1
,0
,1
,0
,0
,0
,1
,0
,0
,1
comedies,1
,0
comedies,0
,1
,0
,0
,1
,0
,1
,1
,0
,1
,0
,0
,0
,1
,0
,0
,0
,0
,1
,1
,0
,1
,1
,0
,1
,1
,0
,0
,1
,1
,0
,1
,1
,1
,1
,1
,0
,1
,1
,1
,0
,0
,1
,0
,0
,0
,1
,0
reproductive,1
,0
,0
,1
,0
,1
,0
,0
,1
,1
,1
,1
,1
,0
,0
,0
,0
,0
,0
,0
,0
successfully,0
,0
,1
,0
,0
,1
,0
,0
,1
,0
,1
,1
,0
,0
,1
,0
,0
,1
,0
,0
,0
,1
,0
,1
,0
,1
,1
,1
list,0
,0
comedies breakthrough comedies,1
,0
,1
,1
,0
,0
,1
list,0
,1
comedies,1
,0
,0
list,0
,0
,1
,1
,1
,0
,1
,0
,0
,0
,1
,1
,0
,0
,1
,0
,0
,0
comedies,1
,1
,1
,0
,0
,0
,0
,0
,0
butterfly,0
,1
,1
,0
,0
,1
,0
,1
,0
pursues,1
,0
,0
,1
,0
,1
comedies,1
,0
,1
,1
wikipedia,0
comedies,0
,0
,1
,0
,1
,1
,0
,1
,0
,1
,0
,1
,0
,1
successfully,0
,0
,0
,0
,1
,0
comedies,1
,1
,1
,0
,0
,0
,0
,0
,1
,0
,0
,0
,1
,1
,0
,0
,0
,1
,1
,0
comedies comedies,1
,1
,0
,1
,1
,1
,1
,0
,1
,0
,0
,1
butterfly,0
,0
,0
,0
,0
,0
,1
,0
,0
,1
,1
,1
,0
,1
,0
,0
,1
,0
,0
,1
,1
,1
,0
,0
,1
,1
list,1
crowhaven,0
,1
,0
,1
,1
,1
,1
,1
,0
,1
,0
,0
,0
,0
evoking,1
,1
,1
,0
,0
,0
,1
,1
,1
,0
,1
,0
,0
,0
,0
,1
,1
,0
,1
,0
,0
,1
,1
comedies sundance comedies comedies comedies,1
,0
,1
,0
,0
comedies,1
,0
comedies,1
,0
,0
list,0
,1
,1
,0
,0
,1
,1
,1
,1
,0
,1
,0
,0
,0
,1
,1
,1
comedies,0
comedies,1
,1
,1
,1
,1
,1
,1
,1
,1
,1
,0
,1
,0
,1
,0
,0
,0
disgusted,0
,0
,1
,0
,1
,1
,1
chew,1
,0
,1
,0
,1
,0
,0
,0
,1
,1
,1
,0
,0
,1
,1
,1
,0
,0
,0
,0
laboratory,1
,1
,1
,1
,1
,0
,1
,0
,0
,0
,0
chew,0
successfully,1
,1
,1
,1
,0
,1
,1
,0
,0
,0
,1
,1
,0
,1
,1
,1
,0
,1
,0
,1
,0
,1
,0
,0
,1
glories,1
,0
,1
,0
,1
,0
,0
,1
,1
,1
,1
list,1
,1
,1
,1
,1
,0
,0
affleck,0
,1
,1
,0
,0
,0
,1
qualls,0
,0
,1
,1
,0
,0
,0
,1
,1
,1
,0
,1
,1
,1
,1
,1
list,1
comedies comedies,0
,0
,0
,1
,0
,1
,0
,1
mismatched,0
,1
,0
,0
,0
,1
,0
list,1
,0
,1
,1
,1
,1
,1
,0
,1
,1
,0
,0
,1
,1
,0
,1
,0
,0
,0
,1
laboratory,0
,1
,0
,0
,0
,1
,0
,1
,1
,0
,1
,0
,0
,0
,1
,0
,1
,0
,0
,0
,1
,1
,0
answeredso,0
,0
,0
,0
,1
,0
,1
,1
,1
,0
,1
,1
,1
,0
,0
fluid,0
,0
,0
,1
,1
,1
,0
,0
barbarous,0
,0
,1
,0
,0
,1
,1
,1
comedies list comedies list,1
,1
,0
,1
,0
,0
,1
,1
,0
,0
,0
,0
,1
,0
,1
,0
,0
,0
,0
,0
,1
,1
,0
,1
,1
,1
,1
,1
,0
,1
,0
,0
,1
,0
,1
,1
,0
,0
,1
,0
,1
,1
pursues,0
,0
,0
,0
,1
,0
,1
,0
,0
,0
,1
,0
,0
,0
,1
,1
,0
,1
,1
successfully,0
,1
,0
,1
,0
,0
,0
,0
,1
,1
,1
,1
,0
,0
successfully,1
,1
,1
,1
,1
,1
,1
,1
,0
,1
,1
,1
,0
disgusted,0
,1
comedies,0
,0
,0
,0
,1
,0
,0
,0
,1
,1
,0
,0
,1
,0
,1
,1
,0
,1
,1
,1
,0
,1
,1
,1
,1
,0
,0
,1
,1
,0
,0
,1
,0
,1
,0
,0
,1
,0
,1
,1
,1
,1
,0
,0
,0
,0
,1
,0
,1
,0
,0
,0
disgusted,0
,1
,1
,1
,1
,0
,0
,1
,0
,0
,1
,0
,1
,1
,1
,1
,1
,0
,1
,0
,1
,0
,1
,0
shekhars,1
,0
,1
,0
,0
,0
,1
,1
laboratory,1
,1
,1
,0
,1
,0
,1
,1
,1
,0
,0
,0
,1
,0
successfully,0
,1
,0
,0
,1
,0
mismatched,1
,0
,0
,0
,1
,1
,0
list,0
,0
,0
,0
,0
,1
,0
,1
,0
,1
,1
,0
,0
,0
,0
,0
,1
,1
,1
,1
,0
,1
,0
,1
,0
,1
list,0
,0
,0
,0
,0
,1
,1
,0
,1
,1
,0
,1
,0
,0
,0
,0
,1
,0
,1
,1
,0
,0
,0
,1
,0
,0
psychedelic,1
,0
,0
,1
,1
,0
,1
,0
,0
,0
,1
,0
,0
,0
,1
,0
,0
list,1
list,0
,0
,0
,1
,0
,1
,1
,0
,0
,0
,1
,1
,1
,0
,0
,1
,1
,0
,0
,1
,0
,0
,1
,0
,1
,0
,1
,1
,1
,1
,0
,0
pursues,1
,0
,1
,0
,1
,0
,0
,0
,0
,1
,0
,1
,1
,1
,1
,1
,1
,1
,0
,0
,0
,1
comedies,1
,0
,1
,1
,1
,1
,1
,0
,0
,0
,0
,1
,0
,1
,0
,0
,1
,1
,0
,0
,0
,1
,0
,1
,1
,1
,0
,0
,0
,0
,1
,1
comedies comedies,1
,1
,0
,1
,0
,1
,1
comedies,0
,1
list,0
,1
,1
,0
,0
,0
,1
,0
,1
,1
,0
pursues,0
,0
,0
,1
,0
,1
,0
,1
,0
,0
,1
,1
,0
,1
,1
,0
,0
,1
,0
,0
,0
,1
,0
,0
,0
,1
,0
,1
,1
,0
,1
,0
,1
,1
,1
,0
,0
,0
comedies,0
,0
,1
,1
,1
,1
,1
successfully,1
,0
,1
,1
,1
,1
,1
,1
,0
,1
,0
,0
,1
,0
,0
,0
,1
effectsthe,0
,0
,0
,1
,1
,1
,0
,0
,0
,1
,1
,1
,1
,0
,0
,0
,0
,0
,0
,0
,1
,0
,0
,0
,0
chew,1
,1
,0
,1
,1
,1
,1
,1
,1
,0
,1
,1
list,0
,1
,0
breakthrough,1
,1
,0
,1
,0
,1
,1
,0
,0
,0
,1
1994s,0
,1
,0
,0
,0
,1
,1
,1
,0
,1
,1
,1
,1
,1
,0
,0
,0
list,0
,0
,1
,0
,1
,1
,0
,1
,1
,1
evoking,1
,0
disgusted,0
,0
,0
,1
,0
,1
,1
,0
,1
butterfly butterfly,0
,0
,1
,1
,0
,0
,1
,0
,1
,1
,1
,1
,0
,0
neer,1
,1
,0
,0
,1
,0
,0
,0
,1
,0
,0
,1
,0
,1
list,0
,0
,1
,0
effectsthe successfully,0
,1
,1
,0
,0
,0
,1
medically,0
,1
,0
,1
,0
,1
,0
,0
,0
,1
,0
,1
,0
,0
,0
,1
,1
,0
,1
,1
,1
,1
,0
,1
,1
,1
,1
,1
,1
,1
,1
,0
,1
,0
,1
,0
,1
,1
,0
,1
,1
,0
,1
,1
,1
,1
,1
,0
,0
successfully,1
,1
,0
,0
,1
,0
,1
,1
,1
,0
,0
,1
,1
,1
denizens,1
,0
,1
,1
,0
,0
,0
,1
successfully,1
comedies,1
,1
,0
,1
,0
,0
,0
,0
,1
,0
list,1
,0
,0
,1
,1
,1
,0
breakthrough disgusted,1
,1
successfully,1
,0
,1
,0
,0
,0
,0
,1
,0
,1
,0
,1
,0
list,0
,1
,0
chew,1
,1
,1
,1
,1
,0
,0
,1
,1
,0
,0
,0
,0
,0
,0
,1
,0
,1
,1
list,0
,1
,1
,0
,0
,0
,1
,1
,1
,0
,0
,0
,0
,0
,0
,0
,1
,0
,0
,1
,0
,1
,1
,0
,1
,1
list,1
,1
,1
,1
,0
,0
,0
,1
,1
,1
,1
,1
,1
,0
,1
,0
,1
,0
,1
,0
,0
,1
chew,0
,0
,1
,0
,1
,0
,1
,1
,0
,1
,0
,0
,0
,0
,0
,1
,1
,1
,0
,1
,1
,1
sundance,1
,0
,1
,1
,0
,1
,0
,0
,1
,0
,1
,0
,1
successfully,1
,0
,1
,1
,0
,0
,0
,1
,1
,1
,1
,0
,0
,1
,0
comedies,0
,0
comedies,1
,0
filmsome,0
,1
,1
,0
,1
affleck affleck,1
,0
,1
,1
,1
,1
,1
comedies,0
,0
,0
,0
,0
,1
,1
affleck affleck affleck affleck,0
,1
,0
,0
,1
,0
,0
,1
,0
,0
,0
,1
,0
,0
list,1
,0
,1
,1
,0
,0
,0
,1
,0
,0
,1
,1
,0
,0
,1
,0
,0
,0
,0
,0
,1
list list list,0
,0
,0
,0
,0
,0
,1
,0
,0
,1
,1
,1
,0
,1
,1
,0
,0
,1
,1
,1
,1
,0
,1
,0
comedies,1
,1
,0
,1
,1
,0
,0
comedies,0
,1
,0
,1
,1
,0
,0
,0
list,1
,0
,0
,1
,0
,0
,0
,0
,0
,0
,1
crowhaven,1
,0
,1
,0
,1
,0
handicap,0
,1
,1
,0
,1
,1
,0
,0
,0
,1
,0
comedies,1
,0
,0
,1
,0
,1
,1
,0
,0
sundance,0
,0
,0
,0
,1
,0
,0
,0
,0
,0
,1
,0
,0
,0
comedies,0
,0
,1
,1
,0
,0
,1
,0
,1
,1
,0
,0
pursues,1
,0
,1
,0
,0
,1
,0
,0
list,1
,0
,0
,0
,1
,1
,1
,1
,1
,1
,0
,0
,1
,1
,1
,0
,0
,1
,1
,0
,0
,1
,0
,0
,1
,1
,0
,1
,0
list tripods,0
,1
,0
,0
,1
,0
,0
,0
,0
,1
comedies,1
,0
,0
,1
,1
,1
successfully,1
,0
,1
,1
,0
,1
,1
1950cuba,0
,0
,1
,1
,0
,0
,0
,0
,0
,1
,1
,1
,1
,1
medically,0
,1
,1
,1
,1
,1
,1
,1
,0
,0
,0
list,0
,0
lex,1
,1
,0
,0
,1
,1
,0
,0
,1
,0
,1
,1
,0
,1
,0
,1
,1
,1
,1
,1
,0
,1
,0
,1
pursues,0
,1
,0
,0
,1
,0
,1
,0
,0
,0
,1
,1
,0
,1
,1
,1
,0
,1
,0
,0
yousef,0
,0
,1
,1
,1
,1
,0
,0
list,0
,1
,1
,0
comedies,0
,0
,1
,0
,0
,0
,0
,1
,1
,1
,1
,1
,0
,0
,1
,0
,1
,1
,0
comedies,1
,1
,1
,0
,0
,0
,0
,1
,1
,1
,1
,0
,0
,0
,0
,1
,1
list sundance,1
,0
,0
,1
,1
,0
,1
,1
,1
,0
,0
,0
,0
,0
,0
,0
,1
,1
comedies,1
,1
,0
,1
,1
,0
,1
wikipedia,0
,0
,0
,1
,1
,1
,1
,1
,1
vagina,0
,1
,1
,0
psychedelic,1
,1
,0
,0
,1
,1
,1
,1
,1
,0
,1
,1
,0
,0
tripods,0
,1
,0
,1
,0
,1
,0
,0
,0
,1
,1
,1
,1
,1
,0
,0
,1
,1
,0
,1
,1
,0
,1
,1
,1
,0
,0
,0
,0
,0
,1
,1
,0
,1
,1
,0
,1
,0
,0
,1
comedies,0
chew,1
,1
,0
,1
,1
,0
,0
,0
,1
,1
wouldthis,0
,0
,1
,0
,0
,0
,0
,1
,1
,0
,1
,0
,0
,1
,0
,0
,0
youngster,1
,1
,1
,0
,1
,1
,1
,1
,0
,0
,1
,1
comedies,1
,1
,1
,1
,0
,1
,1
,0
,1
,0
rereleased,1
,0
,0
,1
sundance sundance,1
,1
,1
,1
,1
list,0
,1
,0
,1
,0
,0
,0
,0
,1
,0
,1
,0
,1
,0
,0
,1
,1
,1
,1
wikipedia,1
,0
,0
,1
comedies,1
,0
,0
,1
,1
,0
,1
,1
,0
,0
,0
,0
,0
,1
,1
,1
,0
,0
,1
,1
,0
,0
,1
,1
,1
,1
,0
,1
,0
,1
,0
,1
,1
,1
,0
,1
,1
,0
,1
,0
,0
,1
youngster,1
,0
,1
,0
,1
,0
,1
list,0
,1
,0
,0
,0
,1
,0
,0
,0
,1
,0
,0
,1
,1
,0
,0
,1
,1
,0
,0
,0
,1
,0
,0
,1
,0
,0
,0
,1
,1
,1
,0
,0
,0
,1
,1
,0
,1
,0
,1
,1
,1
,1
,0
,0
,1
,1
,1
,0
,0
,1
comedies,0
,0
,1
breakthrough,0
,1
,1
,0
,0
,1
,1
comedies,1
,1
,1
lex lex,1
,0
,1
,0
,0
,0
,1
,0
,1
,0
,0
,0
,0
,1
,0
,1
,1
,0
,1
,0
,0
,0
,0
,1
,1
,1
,0
,0
,1
showthis,1
comedies,1
,0
,1
,1
,0
,1
,1
,0
evoking,0
,0
comedies list filmwhat,0
comedies,0
,1
,1
comedies,1
,1
,0
,0
,1
,0
,0
,1
,1
,0
,1
,0
comedies,1
,0
,1
,0
,1
,1
handicap,1
,0
,1
,1
,0
,1
,0
,0
,0
,0
,1
,1
psychedelic,0
,0
,0
,0
,0
,1
,0
,1
,0
,1
rereleased,0
,0
comedies,1
,0
,0
,1
,0
,0
,0
,1
,0
,0
,0
,0
,0
,0
,1
,1
,1
,0
,0
,1
,1
,0
,0
,1
,0
,1
,0
,0
sundance list,1
,0
,0
,0
,1
,0
,1
,0
,1
,0
,0
,1
,0
,1
,0
,0
,1
,0
,1
,0
,1
,0
,1
,0
,0
,0
,0
,1
,0
comedies,1
,0
,1
,0
disgusted,1
,0
,1
affleck,0
,1
,0
,0
,0
,0
,1
,1
,0
,0
,1
,1
,0
,0
,1
,1
,0
,1
,0
,0
,0
,0
,1
,0
,0
,1
,0
,0
,0
,0
,1
,1
,0
,0
,0
,0
,1
,0
,1
,1
,1
chew,0
,0
,0
,1
,0
,0
wikipedia,0
,1
,0
,1
,1
,1
,1
,1
,1
,0
,0
,1
,1
,1
,1
,1
list comedies,0
,0
,1
,0
affleck,0
,1
,1
,1
,0
,1
,0
,0
,1
successfully,0
disgusted disgusted,0
,1
,0
,1
,0
,0
,0
,1
,1
,0
yousef,1
,0
,0
,1
,0
,0
,0
,1
,1
,1
,0
,0
,1
,1
,0
,0
,1
,1
denizens,0
,0
,0
,1
,1
,0
,1
,1
successfully,0
,1
,0
,1
,0
,1
,0
,0
,1
,0
,1
,1
list,0
,1
,0
,0
,0
,1
,0
,1
,0
,1
,1
,1
breakthrough,1
,0
,1
,0
,1
comedies,0
,0
,0
,0
,0
,1
,0
,0
,1
,1
,1
willard,0
,1
,0
,0
,1
,1
,0
,0
,0
,1
,1
,1
,1
,1
,1
list,0
,1
,1
,1
,0
,0
list,0
,0
,0
,0
,0
,1
,0
,1
,0
,0
comedies,1
,0
,0
thison,1
,1
,1
,1
list,0
,1
,1
,1
,0
patting,0
,0
,1
,0
,1
,1
,0
,1
,0
,0
,1
,1
,1
,0
,1
,0
,1
,0
comedies,1
,0
successfully,1
,0
,0
,0
,1
,0
,0
,0
,1
,0
,0
,1
,0
,1
,0
,1
,0
,1
,0
comedies,1
,0
,1
,0
disgusted,0
,1
,0
,0
,0
,1
vagina,1
,1
,0
,0
,0
,1
visionaries,1
,0
,1
comedies,1
,1
,1
,0
,0
,1
,1
,1
,0
,1
,0
,1
list,0
,1
,0
,0
,1
,0
,1
,1
,1
,1
,0
,1
,1
list,0
,1
,0
,0
,1
,1
,0
,0
,1
,0
,1
,1
,0
,0
,0
,1
,1
,1
,1
,0
,1
,0
,0
,0
,1
,1
,1
list,1
,0
,0
,1
,1
,1
,1
,0
,1
,0
,0
,0
,0
,1
,0
,0
,0
,1
,1
,1
,0
,1
,0
,0
,1
,1
,1
,1
,0
,1
,1
,0
,1
,1
,0
,0
,0
,0
,1
,1
,0
,1
,0
,0
,0
,1
,1
,1
,0
,0
,1
,0
,0
,1
,0
,1
psychedelic,1
,0
,1
,1
,0
,0
list,0
,0
,0
,1
,1
,0
,1
,0
,1
,1
,1
,1
,1
,1
,0
,1
,1
successfully,1
,1
,0
,0
,0
,1
,1
,1
,0
,0
,0
comedies comedies,1
,1
,1
,1
,1
,0
brommells,1
,0
,1
,0
,0
,1
comedies comedies barbarous comedies,1
,1
,1
disgusted,1
,0
list,0
,0
,0
,1
,0
,1
,0
,1
,0
,1
,1
,0
,1
,0
,1
,0
,1
,1
,1
,0
comedies,0
,1
,0
,0
,0
,0
list,1
,1
,0
,1
,0
,0
,1
fluid,0
,0
,1
,0
,1
,0
zombified zombified,0
,1
,1
,0
,1
,0
,1
,0
,1
,0
,0
,0
,0
,1
,0
,1
,0
,0
,0
,0
,0
,0
,1
,0
,0
lynchelements,1
,1
,0
,0
,0
,1
,0
,0
,1
,0
,0
,1
chew,0
,1
,1
,1
,0
,0
,0
,0
,0
,1
,0
,0
,1
,0
,0
,1
,0
,1
,1
,1
,0
,0
,1
list,0
,0
,1
,0
,1
,0
,0
,1
comedies,1
,0
uturn,0
,0
,1
,1
,1
,0
,0
,1
,0
,1
,1
,0
,1
,0
,1
youngster,0
,1
,1
,0
,1
,1
,0
,1
list,0
list,1
list,1
,1
,0
,0
,0
,0
,1
,1
,0
,1
,1
,0
,0
,0
comedies,1
,1
,0
,1
,1
,0
,0
,0
,1
,1
,0
,0
,0
,0
,0
,0
,1
,1
,0
,1
,0
,1
,1
,1
,0
,1
,0
,0
,1
,1
,0
,1
,0
,0
,1
,1
,0
,1
,1
,0
,0
,0
successfully,0
successfully,1
,1
,0
,0
,0
,0
,0
,1
,1
,1
,0
,1
,0
,1
,1
,0
,1
,1
,1
,0
,1
,1
,1
,1
,1
,0
,0
,1
,0
,1
,0
,1
,1
,1
,1
,1
,1
,1
,0
,1
,0
,1
,1
comedies,1
,0
,1
,1
,1
,1
,1
,1
,0
,1
,1
,0
,1
,0
,1
,1
comedies,1
,1
,0
,0
comedies,1
,0
,0
,0
,1
,1
,1
,1
,1
,0
,0
,0
,1
,1
,1
,0
,1
,0
,1
,0
,1
,1
,1
,1
,0
pursues,0
,0
,1
,1
,1
,1
,0
,1
,0
,0
,0
,0
,0
,1
,1
,1
,1
,1
,1
,0
,0
,1
,0
,1
,1
,1
,0
,0
,0
evoking,1
,1
,0
,1
,1
,0
,1
,1
,1
,1
,1
,1
,0
,0
,0
,1
,1
,1
,0
,0
,1
,0
,1
,1
,0
,1
,1
,0
,1
list,1
,0
,0
,1
,1
,0
,0
,0
,1
,1
,0
,1
,1
,0
,0
,0
,0
,0
,0
,1
,0
,0
,0
,1
successfully,1
,1
,0
,1
,1
,1
list,1
,0
,0
,0
,1
,1
,0
,0
,1
,0
,1
,0
,1
,1
,0
,1
,1
,1
,1
,0
,1
,1
,0
,0
,0
,0
,0
,0
,1
,1
,0
,0
,1
,0
,1
,1
,0
,1
,1
,1
,0
,1
psychedelic,0
,0
comedies,0
,1
,1
,1
,0
,0
,1
,1
,0
,1
,1
,0
,1
,1
,0
,1
,0
,1
,0
,1
,1
,0
,1
,1
,0
,0
,1
beacon,1
,0
,1
,1
,1
,0
,1
,0
,0
,0
,1
,1
,1
,0
,1
comedies,1
,1
,0
,1
,1
,0
,1
,1
,0
,0
,1
,0
,0
,1
,1
,0
,1
,0
,0
,0
,1
,0
,0
,1
,1
,0
,0
comedies,0
,1
,1
,1
,0
,1
,0
,1
,1
,1
,1
,0
,0
,1
,0
,1
,1
,0
,0
,0
,0
,0
,0
,1
,0
,0
,1
,1
,1
,1
,1
,1
,1
,1
,0
,1
,0
,0
list,0
,1
,0
,0
ambiguities,1
,1
,0
,0
,1
,1
,0
,1
,0
,0
,1
,1
,0
,1
,0
,0
,0
,0
,1
,0
,0
,1
,1
,1
,1
,1
,0
list list,0
,1
,1
,1
,0
,1
forwardmoving,1
,1
,1
,0
,1
,1
,1
,1
,1
,1
,1
,0
,0
,0
,0
,0
,0
,0
,0
,0
,1
,0
,0
,1
,1
,0
,1
,1
,0
,1
,0
,0
,1
,0
,0
,0
butterfly butterfly successfully,0
successfully,1
,1
,1
,0
,1
,0
,0
,1
,0
,0
,1
,0
,1
,0
,1
,0
,0
,0
,0
,0
,0
,0
,0
breakthrough,1
,0
,1
,1
,0
,1
,0
,0
,1
,0
,0
,1
,1
,0
,1
,0
,0
,1
,0
,1
,1
,1
,1
,1
,1
,1
,1
,0
,1
,1
,1
,0
,0
,0
,0
,0
,1
,1
,1
,1
,0
list,1
,0
,1
,0
,0
,0
,0
,0
,1
list,1
,1
,0
,1
,0
,1
,0
successfully,1
,0
,1
,1
,1
,0
,1
,0
,0
,1
,0
,1
,1
,1
,0
list,1
,0
,1
,1
,1
tenyearold,1
,1
,0
,0
,1
,1
,1
,1
,1
,0
,1
,0
,1
,1
,0
,0
,0
,0
,0
,1
streeps,0
,0
,0
everand,0
,1
,1
,1
,1
,0
,0
,0
,1
,1
,0
hippydippy,1
list,1
,0
,0
,0
,1
,0
,1
,0
,0
,1
,0
,0
,0
,0
,0
,1
,1
,0
,1
,1
,1
,0
,1
,0
,1
,1
,0
,1
,1
,1
,0
,0
,0
,0
,1
,0
,0
,0
,1
,0
,1
,1
,0
,0
,0
successfully,1
,1
,1
,1
,0
,1
,1
,0
,0
,1
,1
,0
list,0
,1
,1
glories,1
,0
,0
,1
,1
,0
,0
,1
,1
,0
,0
,0
,1
,1
,1
,1
,0
,1
,0
,0
,0
,1
,0
,0
,1
,0
,0
,1
,0
,1
,0
,0
,1
,1
,0
,0
,0
,0
,1
,1
,1
,1
,0
,1
,0
list,1
successfully,1
,0
,1
,1
,1
,1
,0
,1
,0
,1
successfully,0
,1
,1
,1
,1
list,1
,0
,0
,0
,1
,1
,1
,1
,0
,1
,1
,1
,0
,1
,1
,0
,1
,1
,1
,0
,0
,1
,0
,0
,0
,0
,1
,0
,1
,0
youngster,1
psychedelic,1
,1
,1
,0
,0
,1
,1
,1
,0
,1
,0
,1
,1
,1
,1
,0
,0
,0
,1
,0
,0
,0
,1
,0
,1
,1
,0
comedies,1
,1
,0
,0
,0
,0
,1
,1
,0
fluid,1
,0
,1
,1
,0
,1
,0
,0
,1
,1
,1
,0
,1
,0
,1
,0
,1
,1
,0
,1
,1
handicap,1
,0
,0
,0
list,0
,1
,1
,1
comedies,1
,0
,1
,0
,0
,1
,0
list,0
,1
,0
list,1
,1
,0
,1
,0
,1
,0
list,0
,0
,0
,1
,1
,1
,0
,1
,0
,1
,0
,0
,1
,1
,1
,0
,1
,0
,1
,0
,0
,1
,0
laboratory laboratory,0
,1
,0
,0
,0
,0
,1
,0
,0
,1
,0
,0
,1
,1
,0
,0
,0
,1
,0
,0
,1
,1
,1
,1
,0
,0
,1
,0
,1
,0
list list,1
,1
,1
,0
,1
,1
,1
,1
,1
,0
,1
,1
,0
,0
,1
,1
,1
,1
,0
,0
,0
willard,0
,1
,1
,0
,1
,1
,0
,0
,0
,1
,0
,0
,1
,1
,1
,1
,1
,1
,0
,1
,0
,0
,0
,0
,1
,1
,1
,0
,1
,1
,1
,0
,0
,1
,0
,0
,1
,1
,1
,1
,0
,0
,0
,0
,0
,0
,1
,1
,0
,0
,0
,1
,1
,1
,1
,0
,0
,0
,1
,1
,1
,0
,0
filmwhat,1
,0
,1
,1
,0
,1
,1
,1
,1
,0
,0
,1
,0
,1
,0
,0
comedies,0
,1
,0
,1
successfully comedies,0
,0
,1
,0
thison,0
,1
,1
,1
,0
list,1
,1
,0
,1
americanenglish,0
,1
,1
,1
,0
,0
,0
,1
,0
,0
,1
,1
,0
,0
,1
,1
,0
,0
,0
,0
,1
,1
,1
,1
,1
,1
,0
,0
,0
,1
,0
,0
,0
,0
,1
,0
,1
,0
,1
,1
,0
,1
,0
,0
,0
,0
,1
,1
,0
,0
,1
,1
,0
,0
,1
,1
,0
,1
,1
,1
,1
,1
,1
,1
,0
,0
,1
,1
,1
comedies,0
,1
,1
,1
,0
,1
,1
,0
,1
,1
,0
,1
,0
,0
,0
,1
,1
,0
,0
,1
,0
,0
,0
,1
,0
,0
,0
,0
,0
,0
,0
,1
,0
,1
,1
,1
,1
,0
,1
,0
,0
,1
,0
,0
,0
,1
list,1
,1
,1
,1
,0
,0
,0
,0
comedies,1
,1
,0
,0
,1
,0
,0
,0
,1
,0
,1
,0
,0
,0
,0
,1
,1
,0
,0
,1
,0
,0
,1
,0
,0
,0
,0
cheshire,1
,1
,0
,1
,1
,0
,0
,1
,0
,0
,1
,1
,0
,1
,0
,0
,0
,0
,0
,0
affleck,0
,1
,0
,1
,1
,1
,1
,1
,0
,1
,1
,0
,1
,0
,1
,0
,1
,0
,1
,1
,1
,1
,1
,0
,1
,1
,1
,0
,0
4year,1
,1
,0
,0
,0
,1
,1
,1
,0
,1
,0
,1
,0
,1
,0
,1
,1
,0
,0
,1
,1
,0
,0
,1
,1
,1
,1
,1
,1
,1
,0
,0
,1
,0
,1
,0
,1
,1
,0
,1
,1
,1
,1
,0
,1
,1
,0
,0
,0
,0
,1
,0
,1
,1
,0
list,0
,0
,0
list,1
,0
,0
list,0
,1
,1
,0
list,0
,1
,1
,1
,1
,1
,0
,1
,0
,0
,1
,1
successfully,0
,0
,1
,0
,0
,0
,1
,0
,1
,0
,1
,1
,0
,0
,0
,0
,0
,0
,1
,1
,0
,1
,0
,1
,1
,0
,0
,0
,1
,1
,0
,1
,1
,1
,1
,0
,0
,1
successfully,0
,0
,1
streeps,1
,0
list,1
rereleased,1
,0
,0
,0
,0
comedies,1
,1
,1
comedies,1
,0
,1
,0
,1
,1
ajas,0
,1
,1
affleck,0
,1
,1
,1
,1
,0
,1
,0
,0
,0
,1
,1
,0
,0
,0
,0
,1
,1
,1
,1
,1
,0
,0
,0
,1
,0
,0
,0
,0
,0
,0
,1
,1
,0
,1
,0
,1
,0
,1
,0
,0
,0
,0
,0
,1
,1
,0
,0
,1
,1
,1
,0
,1
,1
,1
,0
,1
,0
,0
,0
,1
,1
,0
,0
,1
,0
,0
,1
,1
,0
,0
,0
,0
,1
,0
,1
,1
,1
,0
,0
,1
,1
,0
,0
,0
,1
,0
,0
,0
,0
,1
,1
comedies,1
,0
,0
,1
,0
,1
,0
,1
,1
,0
,0
,1
,1
list,1
,0
,1
,1
,1
,1
,0
,0
,0
,1
,0
,1
,0
,1
,0
,0
disgusted,0
,0
,1
,0
,1
,0
,0
,0
,1
lex,1
,1
,0
,1
,0
,0
,0
,1
,1
,1
,0
,1
,0
,1
,0
didactic,1
,1
,1
,0
,1
,0
,1
,1
,0
,0
,0
,0
,1
,1
,0
,0
,0
,1
,0
,1
,0
disgusted,0
,0
,0
,1
,0
fluid,1
,0
,1
,1
,1
,1
,0
,1
affleck affleck affleck affleck,0
,1
,0
,1
,0
,1
,1
,1
,0
,1
,0
,1
,0
,0
,0
,0
,0
,1
,0
,0
,0
,1
,1
,1
,0
,1
,1
,0
,1
,0
,1
,1
,1
,1
,1
,0
affleck,1
,0
,0
,0
,1
,0
,1
,0
,0
,1
,0
,1
,0
,0
,1
,0
,0
,1
,1
,0
,1
,1
,0
showthis,0
,0
,0
,1
,0
,1
,1
,0
,0
,0
,0
,0
,0
,1
,0
,1
,0
,0
,1
,0
,0
,0
,1
,1
,1
,1
,0
,1
,1
,1
,1
,0
,1
,0
,0
,1
,0
,0
successfully,1
,1
,1
,0
,0
,0
,1
,0
,1
,0
,1
,1
,0
,0
,0
,1
,1
,0
,0
,0
,0
,1
,1
,0
,1
,0
,0
,1
,0
,1
,1
,0
list,1
,1
,0
,0
,1
,1
,1
,1
,1
,0
,1
,0
,0
,1
,0
,0
,0
,0
,0
,0
,0
,0
,0
,0
,0
,0
,1
,1
,1
,1
,0
,1
,0
,1
,0
,1
,1
,0
,0
,1
,0
,0
,1
kazoo,0
,1
,1
,0
,1
,1
,1
,1
,1
,1
,1
,0
,1
,1
,0
,0
,1
,0
,0
,0
,0
,1
,0
,0
,1
,0
,0
,1
,1
,1
,1
,0
,0
list,1
,0
list,0
,0
,1
,0
,0
,1
,1
,1
,0
,0
,0
,1
,0
,1
,1
,1
,1
,0
sundance,0
,1
,0
,1
,1
,0
,0
sundance,0
,0
,1
comedies,0
,0
,1
,1
,0
,0
,0
,0
,0
,0
,1
,1
,1
,1
,1
,0
,0
,1
,0
,0
,1
,1
,0
,1
,1
,1
comedies,1
,0
,1
,0
,1
filmwhat,1
,0
,1
list list,0
,1
,0
,0
,0
,1
,1
,1
,0
,1
,0
,0
list,0
,0
,0
,0
,1
,1
,0
,0
,1
,0
,0
,1
,0
,0
list,0
,0
,1
,0
,0
,0
,1
,1
,0
,0
,1
,1
,0
,1
,0
,0
,1
,0
,1
,1
,0
streeps,1
,0
list,0
list,1
,0
,1
,0
,1
,1
,0
,1
,0
,0
,0
,0
,0
,0
,0
,1
,0
comedies,1
,0
,1
,0
,1
,1
,1
,0
,0
,0
,1
,1
,1
,0
,1
,1
,0
,1
,1
,0
list,1
,1
,1
,1
,1
,1
,0
,1
,1
,0
,1
,0
,0
,0
,1
,0
comedies,0
,0
,1
,0
,0
fluid,1
,1
,0
,0
list,1
,1
,1
list,0
,1
,0
didactic,0
,0
,0
,0
,1
,0
,1
,0
,1
,0
evoking,0
,1
,0
,0
,1
,0
,0
psychedelic,1
,0
,0
,0
,1
,0
,1
list,1
,0
,0
,1
,0
,1
,0
,0
,1
,1
,0
,1
,0
,0
,1
,0
,0
,0
,0
,0
,1
,1
,0
,0
comedies,1
,0
,1
,1
,0
,0
,0
,0
,1
,0
,0
,1
,0
,1
,0
,1
,1
,0
,0
,0
,0
,1
,0
,1
,1
,1
,0
,0
,0
,1
,1
,1
,1
,1
,0
,1
,1
,1
,1
,1
fluid,1
,1
disgusted,0
,0
,0
,0
,1
list,0
,1
,1
,1
,0
,1
,0
,0
,1
,1
,1
,1
,0
,0
,1
,1
,0
,1
,0
,0
,0
,1
list,0
,1
,1
,1
,0
,1
,1
,1
,0
,1
,1
,0
,1
,1
,1
,0
,0
,1
,0
,1
,0
,0
,0
,0
,1
,1
chew,1
,0
,0
,0
list,1
,1
,1
,1
,1
,1
,0
,0
mismatched,1
,1
,0
,1
lex,0
selfimportance,0
,0
,1
reproductive fluid,0
,0
,0
comedies,0
,1
,1
streeps,1
,1
,0
,0
,0
,0
,0
,1
,1
,0
,1
,1
sundance,1
,1
,1
tenyearold,0
successfully,1
,0
,1
,1
,1
effectsthe,1
chew,0
,0
,1
,0
,0
,1
,0
,0
,0
,0
,0
,0
,1
1994s,1
,0
,1
,1
,0
,1
,1
,1
,0
,0
,0
,0
,1
,0
,1
,1
,1
,1
,1
,1
,1
,0
anew fluid,1
,1
,1
,1
pursues,0
,0
breakthrough,0
,0
,1
,1
,0
,1
,0
,0
,1
,1
,0
,0
,1
,1
affleck,1
,1
,0
,0
,0
,1
,1
comedies,1
,1
,1
,0
,0
,0
,1
,0
,0
,1
,1
,1
,0
,0
,0
,1
,1
,1
,0
,1
list,0
,0
,1
comedies,0
,0
,1
,1
,0
,0
,0
,0
,0
chew,0
,0
,0
,0
,0
,1
,1
outanyway,0
,1
,0
,1
list,0
,0
,0
,0
,0
,0
,1
,1
,0
,1
,1
,0
,0
,0
reproductive,0
,1
,0
unlikelyduring,1
,0
,0
,0
,0
,1
,1
,0
,1
,0
,0
,1
,0
,1
,1
,0
willard,1
,0
,0
,1
,0
,1
,0
,1
,1
,0
,1
,0
,0
,1
comedies,0
wikipedia,1
,0
,0
,0
,1
,1
,0
,1
,1
,0
,1
,1
comedies,0
,0
,1
,1
,1
,0
vierde vierde vierde vierde,1
,0
,1
,0
,1
list,0
list list,0
,1
,0
,1
,0
,0
,1
,1
,0
,1
,1
,1
,0
,1
,0
,1
,1
,0
,0
,0
,1
,1
,1
,1
,0
,0
,0
,1
,0
,1
,0
,0
,0
comedies list,1
,0
,1
,0
,0
,0
,1
,0
,0
,0
,0
,0
,0
,1
,1
,1
comedies,1
,0
,0
,1
,0
,1
,1
,1
,1
,1
,0
,1
,1
,0
,1
,1
,1
,0
,1
,1
comedies comedies,0
,0
,0
comedies,1
,0
,1
,0
,1
,1
,0
,0
,0
,1
,0
comedies,1
,0
,1
,0
,0
,0
mismatched,1
,1
,1
,0
,1
,0
,0
,0
,1
,1
,1
,1
,0
,0
,0
,0
,1
,0
,1
,0
,1
,0
lex,0
,1
,1
,1
,1
comedies successfully,1
,0
,1
,1
,1
,1
,0
,1
,1
,1
,0
,1
,1
,1
,0
,0
,0
,1
,0
,1
,0
,1
,0
,0
,0
,1
,1
,1
,0
,0
,1
,1
,1
,0
,0
,0
,1
,0
,1
,1
,1
,1
,0
list,0
,0
,0
,0
,1
,0
,0
,1
,1
,0
,1
,1
,0
,0
,0
mismatched,1
,0
,0
,1
,0
,1
chew,1
,1
,0
,1
,1
,0
,1
,1
,1
,1
,1
,1
comedies comedies,0
,0
,1
,0
,0
,0
,0
,0
,0
,0
,0
,0
,0
list,1
,1
,0
youngster,0
,1
,0
psychedelic,1
disgusted,0
,0
,0
,0
,0
,0
,1
,1
,0
,1
,0
,0
,1
,0
,1
,0
,1
,1
,0
,1
,0
,1
,0
,0
,1
list list,0
,1
,1
,1
,0
,1
,1
,1
comedies,1
,1
,0
,1
,1
,1
,1
,0
,0
,0
,1
,0
,0
,1
,1
,0
,0
,1
,1
,1
,0
,1
,0
,0
,1
,1
,1
,0
,0
,0
,0
,0
,1
comedies,0
,1
,0
,0
,0
,1
,1
,0
,1
,1
,0
,0
,0
,1
,0
,1
,0
,0
,0
,1
,0
,0
,0
list,1
,0
,1
list,1
,1
,1
,0
,0
,1
,0
,1
,1
,1
,0
,0
,1
,0
,0
,1
,1
,1
,1
,0
,1
,0
,1
,0
,0
,0
,0
,1
,1
,0
,1
,1
,0
,0
,0
,0
,1
,0
,0
,0
,0
,0
,1
,0
,0
,1
mismatched,0
,1
,1
,0
,0
,1
,1
,1
,1
,1
,1
,0
,1
,0
pursues,0
,1
,1
comedies,0
,0
,1
,1
,1
,0
,0
,0
,1
,1
,1
,0
,0
,0
,0
,0
,1
,0
,1
,0
,0
,1
,0
,0
,1
,0
,0
,0
,1
,0
,0
,1
,1
,0
,1
,0
,0
,1
,0
,1
,1
,1
,0
chew,0
,0
,0
,0
,1
,1
,0
,0
,0
,1
,0
,1
,0
,0
,1
,1
,0
,0
,1
,0
,0
,0
,0
,0
,0
,1
,0
comedies,0
,1
comedies,1
,0
,0
,0
,0
,1
,1
,0
fluid,1
,1
,0
,0
,1
,0
,1
,1
,1
,1
list,0
,1
,0
,0
,1
,0
,0
,1
,1
,1
,1
,1
,0
,0
,1
,1
,1
,0
,0
,0
,1
,1
,1
,0
,0
,0
,0
,0
,0
,1
,1
,1
,0
,0
,1
,0
,0
,0
,1
,1
,1
,1
,1
lex lex lex lex lex,0
,0
,1
list,0
,1
,0
,1
,1
,0
,1
,1
,0
,0
,0
,1
affleck,1
,1
butterfly,0
,0
,1
,1
,0
,1
,1
,1
,0
,1
,1
,0
,0
,0
,1
,0
,0
,1
comedies successfully,0
,0
,1
list,1
,1
,0
disgusted,1
,0
,1
,1
comedies,1
,1
,0
successfully,1
,1
,0
,1
,1
,1
,1
,0
,0
,1
,1
,1
,1
,0
,0
,0
,1
,1
,1
,1
,0
,0
,1
,1
,0
,0
list list,1
,0
,1
,0
,0
,1
,0
,1
,0
,1
,0
,0
,0
,1
anew,0
,1
,1
,1
,1
,1
,1
,1
,0
,1
,1
,1
,1
,0
list,0
,0
,0
,1
,0
,0
,0
,0
,0
,0
,0
,1
,1
,1
,1
,1
,0
,1
,1
,0
comedies,0
,0
,0
laboratory,0
,1
,0
,0
,0
comedies,0
,0
,1
,1
,1
,0
,1
,1
,0
,0
sundance,0
,1
,1
,0
,1
,1
comedies comedies chew,0
sundance,0
,0
,0
,0
,0
,0
,1
,0
,0
,0
,1
,1
streeps streeps streeps streeps streeps,1
,0
,1
disgusted,0
,0
,0
,1
,0
,1
,0
,0
,1
,1
,1
,1
,0
,0
,0
,0
,0
,1
,1
,0
,0
,0
,1
,1
,1
,1
,1
,1
,1
,0
,0
,0
list,1
,0
,1
,1
,1
,0
,1
,1
,1
,0
,0
,1
,0
,0
,0
,1
,1
,0
,1
,1
,0
,0
,0
affleck affleck,0
,1
,0
,0
,0
,0
,0
,1
,1
,1
,1
,0
,0
,1
,0
,1
,1
,0
,1
comedies comedies comedies comedies,1
,0
,1
,1
,0
,1
,1
,1
,1
,0
,0
,1
,0
,0
,0
,1
,0
,1
,1
,0
,1
,0
,1
,0
laboratory,1
,1
,0
,0
,0
,0
,0
,1
list,1
evoking,0
,0
,1
willard willard,0
,1
,0
,1
,1
,0
,0
,1
,1
,0
,0
,0
,1
,0
,0
,1
,0
,1
,1
,0
,0
,0
,1
,0
,1
,1
,1
,1
,1
,0
,0
,0
,1
,1
,0
,1
,1
,0
psychedelic,1
,1
,0
list list,0
,1
,1
,0
,0
,1
comedies,1
,0
,0
,1
,1
,0
,0
,0
,0
,1
,0
,0
,1
,1
,1
,1
,0
,0
,1
,0
,1
,0
,1
,1
,1
,0
,1
,0
,0
,0
,1
,1
,1
,0
,1
,0
,1
,0
,0
,0
,1
,1
,0
,1
,1
,0
,0
,0
,0
,1
,0
,1
disgusted,0
,1
,1
list,1
,0
,1
,0
,0
,0
,0
comedies,0
,0
,0
,1
,1
comedies,1
,0
,1
,0
,1
,0
,1
,0
,1
,0
fromanother,0
,1
,1
,0
,0
laboratory laboratory,0
,1
,0
,1
comedies,0
,0
,0
fluid,1
,0
,1
,1
,0
,1
,1
list,1
,0
,0
,0
,1
,1
,0
,1
,0
,1
,0
,0
,1
,0
,1
,0
,1
,1
successfully didactic,0
,0
,0
,0
,1
,0
,0
,0
,1
,0
,1
,0
,0
,0
,1
,0
,0
,0
,1
,0
,1
,1
,0
,1
,1
,0
,1
,0
,0
,1
,1
,0
,1
,1
,1
,1
,0
,0
,0
,0
,1
,0
,1
,0
,0
,0
list,1
,1
,0
,0
,1
,0
,1
,1
,0
,1
,0
,1
,1
,0
,0
,0
,0
,1
,0
,1
,0
,1
,1
,1
,1
,1
,1
,0
,1
,0
,0
,1
,0
,1
affleck,0
,1
,1
,1
list,0
,0
,0
,1
,1
,1
,1
,1
,1
,0
,1
,1
,0
,1
fluid,0
,0
list,0
,1
,0
,1
,1
,0
,1
,0
,1
,0
,1
,0
,1
,1
,0
,0
,0
denizens,1
,1
,0
,1
,0
,1
,0
,1
,0
,0
,0
,1
,0
,0
,0
,1
,1
,1
,0
,0
,1
,1
,0
,1
,1
butterfly,0
,0
successfully,1
,0
,0
,1
,1
,1
,0
,1
,0
,0
,0
,1
successfully,0
,1
,1
,0
,1
,0
,1
,0
,1
,0
scenemary,1
mismatched,1
,1
,0
,1
,0
,1
,0
,1
,1
,0
,0
,0
,0
,0
,1
,0
,1
,1
,1
,0
,1
,0
,0
,1
,0
,1
,1
,1
,0
,0
,0
,1
,0
,1
,0
,1
,1
,0
comedies,1
,1
,0
,0
,0
,1
,0
,0
,1
,1
,0
,0
,1
list,0
,1
,0
,0
,0
,1
,1
,0
,1
,0
,1
,1
,1
,1
,0
,0
,0
,1
,0
list,0
,1
,1
,1
,0
,1
,0
,1
,1
,0
,1
,0
list,0
,0
,1
,0
,1
,0
,1
,0
,0
,1
,0
,1
,1
,1
,1
,0
,1
denizens,1
,0
,1
,1
,1
,1
,1
,1
,0
,0
,0
,1
,0
,0
,1
,1
,0
,1
,0
,0
,0
,1
,1
hogwarts,0
,1
,0
,0
,1
,0
,1
,1
,1
,1
,0
wikipedia,1
,1
,1
,1
,1
list,1
,1
,0
,1
,0
,0
,1
,0
,1
,1
,0
,1
,0
,0
,1
,1
,1
,0
,0
,1
,0
,1
,1
,0
,1
,0
,1
,1
,0
sundance sundance,0
disgusted disgusted,0
,1
fluid,1
,1
,0
,1
,1
,1
,1
,1
,1
,1
,1
,1
,0
,0
,0
,0
,0
,1
,0
,0
,0
,1
,0
,0
,0
,0
,1
,1
,1
,0
list list,1
,0
,1
,1
,1
,1
,0
,1
list,0
,0
,1
,1
,1
,1
,0
,0
,0
,0
,0
,0
,0
,1
,0
,1
,1
,0
,0
,1
,1
,1
list,1
,0
,1
comedies,1
,0
,0
,1
,0
,1
,1
,0
,0
,1
,0
,1
,0
comedies,1
,0
,1
,0
,1
,1
,1
,1
,1
,0
,0
,1
,1
comedies,0
,0
hoek,0
breakthrough,1
,0
,1
,0
,0
,0
,1
,0
,1
qualls,0
,0
,1
,1
,0
comedies comedies,0
,0
,0
,0
,0
,1
,1
,1
,0
,1
,0
,0
,0
evoking,1
,1
,0
,1
,1
,1
,1
,1
,0
,1
,1
,1
,1
cheshire,0
,0
,0
,0
,1
,0
,1
,0
,0
,1
,1
,1
,0
,1
,0
,0
,1
,1
,1
,0
,0
,1
,1
,1
,1
,1
,1
,0
,0
,1
,1
,1
,1
,0
,1
fluid,0
,0
successfully,1
,1
,1
,0
,1
,0
,0
,1
,0
,0
,0
,1
,1
psychedelic,0
,0
,0
,0
,0
,1
,1
,0
,1
,0
,1
,0
,1
,0
anew,1
,0
,1
,0
lex,1
,1
,1
,1
,1
,0
,1
,0
,1
,0
,1
,1
,0
,1
,0
,1
,1
,0
,0
,1
,1
,0
comedies,0
fluid,0
,0
,0
,0
,1
,1
,0
,1
,1
butterfly successfully,0
,1
,1
,0
,0
,1
,0
,0
list,0
,0
,1
,1
,0
,1
,0
,0
,0
,1
,0
list,1
,1
,1
,0
,0
,0
,0
,0
rereleased,1
,1
,1
,0
,1
,0
,0
,0
,0
,0
,1
,1
,1
,0
,1
,1
,0
,0
debtsthe,1
,0
,1
,1
,0
,0
,0
,0
psychedelic,0
,1
,0
,1
,0
list,0
,0
,0
,0
,1
,1
,0
,1
,1
,1
,0
,1
,0
,0
,0
,1
,0
,1
,0
,1
,1
,0
,1
list,0
,0
,1
,0
,1
,0
,0
,0
,1
,0
,1
,0
,1
,1
,0
,1
,1
,0
,1
,1
,0
,0
,1
,0
,1
,1
,1
,1
comedies,1
,1
,1
,1
,0
,1
,0
,0
,1
,0
,1
,0
chew,0
,0
,1
,1
,0
,0
,1
,1
,1
,1
,1
,1
,1
,1
,0
,0
shekhars,1
,0
,1
,0
,1
,1
,0
,1
,1
,0
,1
,1
,1
,1
,0
,1
,0
,0
,0
,0
antipsychotic,0
,1
,0
,0
,1
,0
successfully handicap,1
,0
,1
,0
,1
,0
,0
,1
,1
,1
,1
,1
,0
,0
,1
,1
,0
,1
,0
,0
,0
,1
,0
,0
,1
,1
,0
,1
,0
,1
,0
,0
,1
,1
,0
,0
,1
,0
,0
,0
,1
,1
,0
,0
,1
comedies comedies,1
,0
,1
,0
,0
,0
comedies,1
,0
,0
,0
,1
,1
comedies,1
,1
,0
,1
,0
,1
,1
,1
,0
,0
,0
,1
comedies,1
martyn,0
,1
,1
,0
,1
,1
,1
,1
,1
,1
,1
,1
,0
,1
,0
,1
,1
,0
,1
,1
,0
,1
,0
,0
,0
,1
,1
,1
,0
,1
,0
,0
,0
,0
,1
,1
,1
,1
,0
comedies comedies,0
comedies,1
,0
,0
,1
,0
,1
,0
,1
,1
,1
,0
,1
,0
,0
,1
,1
,1
,0
,0
,1
,0
,1
,0
,1
,0
,1
,0
,0
,1
affleck,0
,0
,0
,0
,1
,1
,1
,1
,0
,0
,1
,1
,1
,0
,1
,1
,1
comedies,1
,1
,0
,1
,1
,1
,1
,1
,0
,0
,1
,1
list,1
,1
,1
,0
,1
,1
,0
,1
,1
,1
,1
,0
list,1
,0
,1
,0
,0
,0
,1
,1
,0
,1
,0
,1
,1
,1
,0
,0
,1
,1
,0
,0
,1
,0
,1
,1
,0
,0
,0
,1
,1
,1
,1
,1
,1
,0
effectsthe,0
,1
,0
,1
,0
rereleased,1
,0
,0
,0
,1
,1
,0
,1
,0
,0
,1
,1
,1
,0
,0
daysgood,1
,1
,0
,1
,1
,0
,1
,0
,0
,0
,0
,0
,1
,0
,1
,1
,0
,1
,1
,1
,0
,1
,1
,1
,1
,1
,1
,1
,1
,0
,1
,0
,1
,0
zombified,1
,1
,0
,0
,0
,0
,0
,1
sundance,0
,1
,0
successfully,0
,1
,0
,1
,1
,0
,1
,1
,1
,1
,1
,0
,1
,0
,0
,0
,0
comedies,0
,0
,0
,0
laboratory,0
,0
,0
,1
,0
,1
,0
,0
,1
,0
,0
,0
,0
,1
,0
,1
,1
,0
,0
,1
,0
,0
,0
,0
,0
,0
,0
list,0
,0
,1
,1
,1
,1
,1
,1
,1
,0
,1
,1
,1
,0
,1
,1
,1
,1
,1
,1
,1
,0
,1
,1
,0
,1
,1
,1
,1
,0
,0
,1
,0
list list,0
,0
successfully,0
,0
,1
,0
,1
,0
,1
,0
vagina,1
,1
comedies,1
,0
,1
,1
mismatched,1
,0
,1
,0
,0
,1
list,1
,0
,0
,0
list,0
,0
,1
comedies,1
,1
comedies,1
,0
,0
,1
,1
,1
,0
,1
,1
,1
,1
,0
,1
successfully filmwhat,1
,1
,0
,0
,1
,1
,0
,1
,1
,1
,1
successfully,0
,1
,1
,1
,0
,0
,0
comedies,1
,1
,0
,0
comedies,0
,1
,1
,0
,0
,0
,1
,0
,0
,0
,0
,1
,1
,1
,0
,1
,1
list,0
,1
,0
,0
,1
,1
,1
,0
,0
,1
,0
,1
disgusted,1
,0
,0
,0
,0
,1
,1
,1
comedies,1
,0
,0
,1
,0
,1
comedies,0
,1
,0
,0
,0
,0
,1
,0
,1
,0
,0
,0
,1
,1
,1
,0
,0
,1
,1
,1
,1
list list,1
,0
,1
,0
,1
,1
,0
,1
,0
,1
,1
,1
,1
,1
,1
,0
,1
,0
,1
,1
list,0
,0
,1
,0
,0
,0
,1
psychedelic psychedelic list,1
antipsychotic,0
,1
,1
,1
,0
,1
,0
,0
,0
,1
list,0
,1
list,1
,0
,1
,0
,1
,1
,1
,0
,1
,0
,1
,1
,1
,0
,0
,0
,0
,1
,0
,0
,0
,0
,1
,0
,1
,0
,0
,1
,0
,1
,1
,0
,1
,1
,0
,0
,0
,1
,0
,1
,0
,1
successfully,0
,0
,0
,1
,1
,1
,0
comedies,0
,0
,1
,1
,1
,1
,0
,0
,1
,1
,1
,0
,0
,1
,1
,1
,0
,1
,1
,0
,1
,1
,0
,0
,1
list,0
,0
comedies,1
,1
didactic,0
,1
,1
glories,1
,1
,0
,0
,1
,1
,0
,0
,0
,0
,1
,1
,1
,1
tenyearold runthrough,0
,1
,0
,0
,0
,0
,1
,1
,0
,1
,1
,1
,1
,1
,0
,0
,1
,0
,0
,0
,0
comedies,0
,1
,0
,1
,1
,1
,0
,0
,1
,0
,0
,0
,1
,0
,0
list list,0
,1
,0
,1
,0
breakthrough,1
,1
,0
,0
,1
,0
,0
,1
,1
,0
,0
,1
,1
,1
,1
,1
,0
,1
,0
,1
,1
,1
wikipedia,0
,0
,1
,0
,1
,0
,1
list,0
,0
,1
,0
,1
,0
,0
vagina,1
,0
,0
list,1
,1
,0
,0
,1
,1
,1
,1
,1
,0
,0
,1
,1
,1
,0
,1
,1
,1
,0
affleck affleck,1
list,1
,1
,0
,1
,0
,0
,0
,0
,1
,0
,0
,1
,0
,1
,0
,1
,0
,0
,0
,0
,0
,1
,0
,1
,0
,1
,1
,1
,1
,0
,0
,1
,0
,1
,1
,1
comedies comedies comedies,1
,0
,0
,1
,0
,1
,1
willard,1
,1
,0
,0
,0
,1
comedies,0
,0
willard,0
,1
,0
,0
,1
,1
,1
,1
,1
,0
,1
,0
,1
,0
,1
,0
,0
,1
,0
,0
,1
,1
,1
,0
,0
,0
,0
,0
,1
,0
,1
,1
,1
,0
,0
,1
,1
,0
,0
,0
disgusted,0
list,1
,0
,1
,0
,1
,0
,0
,0
,0
,1
,0
,1
pursues,0
,0
successfully,1
,0
,1
,0
,1
,0
,0
,0
,1
,1
comedies,1
,1
,0
,1
,1
,0
,1
,1
,0
,0
,1
,1
,0
,0
,1
,0
,1
,1
,0
,1
,0
,0
,1
,1
,0
,1
,0
,0
,1
,0
,1
,1
,1
,0
,0
,1
,0
,1
,0
,0
,1
,1
,0
,1
,1
,1
,0
,0
,0
,1
,0
,1
,1
,1
comedies,1
,1
,1
,1
,1
,1
,0
,0
,0
,1
,0
,1
,1
,0
,1
,0
,0
,0
,1
,1
,1
,0
,0
,1
,1
,1
,0
,1
,0
,1
,1
,1
,1
,1
,1
,1
,1
,1
,0
,0
,1
,0
,0
,0
,0
,1
,1
,1
,0
,1
,1
,1
,1
,1
,0
,0
,1
,1
,1
,0
,1
,0
,1
,0
,0
,1
,0
,1
,1
,0
yousef,1
,1
,1
,0
,0
,0
,1
,0
,0
,0
,0
,0
,0
,1
,0
,1
,0
list,0
,0
,1
,1
,0
,1
,1
,0
,0
,0
,1
,1
,1
,0
,0
,1
,1
,0
,1
list,0
,0
,0
,1
,1
,0
,1
,1
israelthumbs,1
,0
,1
,0
,0
,1
,0
,1
,0
,0
,0
,0
,1
,0
,0
,0
rereleased,1
,0
,0
,0
,0
,0
,1
,1
,1
,1
,0
,1
,1
,1
,1
,0
pursues pursues,1
,0
,1
,0
,1
,0
,1
,0
,0
,0
,1
,0
,0
,0
,0
,0
lex lex,1
,0
,0
,1
,1
,0
,0
,1
,1
,0
,0
,0
,0
,0
,1
,1
,1
comedies,1
,1
,0
,1
,0
,1
,1
nambla anew,1
,1
,0
psychedelic,1
,0
,0
,0
rousseau,1
,0
,0
,1
,0
,0
,0
,1
,1
,1
,1
,1
,1
,1
,0
,1
,1
,0
,0
,1
,0
,0
,1
,1
,0
,1
,1
,1
,0
,0
,1
,0
,0
,1
,0
,1
,1
,0
,1
,0
chew,1
,1
,0
,0
list list list,1
,1
,1
,0
,0
,0
affleck,0
,0
,0
,0
,0
,1
,1
,0
,1
,1
,1
,0
,0
,0
,1
,1
,1
,1
,0
,0
,0
,0
,1
,1
,1
,1
,1
,0
,1
,0
yousef,1
,1
,1
,0
,0
,0
,1
,1
,0
,0
,1
,0
,0
,0
,0
,1
laboratory,0
,0
,0
,1
,1
,1
,1
,0
,0
,1
,0
,0
,0
,0
,1
,0
,0
,0
,1
,1
,0
,0
,1
,0
,1
,0
,0
,1
,0
,0
,0
filmsome,0
comedies comedies,0
,0
,1
,1
,1
,0
,0
,0
,1
,0
,0
,1
,1
,0
,0
,0
,0
,0
disgusted,0
successfully,0
disgusted,0
,0
,1
,1
,0
,0
,1
,1
,1
,1
,1
,0
,0
,1
,1
,0
,1
,0
,1
,1
,1
,0
,1
,1
,0
,0
,1
,1
comedies,1
,1
,1
,0
,0
list,0
,0
,1
,0
,0
,0
,1
,0
,1
,1
,1
,0
,1
,0
,0
,0
,0
list,1
,1
comedies,1
,0
,0
,0
,1
,0
,0
,1
,0
,1
kazoo,1
,0
,0
,1
,1
,1
,1
blackjack,1
,1
,0
,1
,0
,0
,0
,0
comedies comedies comedies comedies,1
,0
rammes,1
,1
,0
,1
,1
,1
,1
,0
,0
,0
,0
,1
,1
,0
,1
,1
,0
,1
,1
,1
,0
,0
,1
,1
,0
,0
,0
successfully haiku haiku,0
,1
,0
,0
,0
,0
,1
,1
,1
,0
,1
,0
,1
,0
,1
,1
,1
,0
list,1
,0
,1
successfully,1
,1
,1
,1
,0
,1
,1
successfully,0
,1
,0
,1
,1
list,0
,1
,1
,1
,0
,0
,0
,0
,1
,1
,1
,0
,0
glories,0
fluid,0
,1
,1
,0
,1
,1
,0
,1
,1
,0
,0
comedies comedies,1
,0
comedies,0
,0
,0
,1
,1
,1
,0
,0
,0
,0
,0
,0
,0
,1
,0
,1
,1
,1
,1
,0
,1
,1
,1
,0
,0
,1
1994s,1
,1
,1
,0
,0
,1
,1
,0
,0
,1
,1
,1
,0
,0
,1
,1
sundance,1
,0
,0
,0
,0
,0
,1
,0
,0
,0
,1
,0
,0
,1
,0
,1
,0
,0
,1
,1
,1
,0
,0
comedies,1
,0
,0
,0
,1
,1
,0
,0
,0
list,0
,0
,1
,0
,1
,1
,0
,0
,0
,1
,1
,0
,0
,0
,0
,0
,0
,0
fluid fluid,0
,1
list,1
,0
,1
,0
,1
,0
,1
,1
,0
,1
,0
,1
,1
,1
,0
,0
,1
,0
successfully,0
,0
,0
,1
,1
,1
,1
,1
,0
,0
,1
,0
,0
,1
,1
comedies,0
,0
,0
,0
,1
,0
psychedelic,1
,1
,0
,1
,1
,0
,0
,1
,0
,1
list,1
youngster,1
,0
,1
,1
,0
,1
,1
,0
,1
,1
,1
,1
,1
,0
,0
,0
mismatched,0
,0
,1
,0
,0
,1
,0
,1
,0
,0
,0
,1
wikipedia,0
,1
,0
,0
,0
,1
,1
,1
,1
,1
,1
,0
,1
,1
,0
,1
,0
,0
,1
,0
,0
,1
,1
,0
,0
,1
,1
,0
comedies comedies,0
,0
,0
,0
,0
,1
,0
,0
,1
,0
,0
,0
,1
,1
,1
,0
,1
,1
list psychedelic,1
,0
,1
,1
comedies,0
,0
,0
,0
,0
,1
,0
,0
list,0
,1
successfully,1
,0
,0
,0
,0
,1
,0
,0
,1
,0
,0
,0
,1
,1
,1
,1
,0
,0
,0
,0
,0
,1
,1
,0
,0
,1
,0
,1
,0
,1
,0
,1
,0
,0
,0
,0
,1
,0
,0
,1
,1
,0
didactic,0
segregationist,0
,1
,0
,0
,0
,1
,1
,0
comedies,0
,0
,0
goofier,1
,1
,0
,0
,0
,1
,0
,0
,0
psychedelic,1
achieveindeed,1
,1
,1
,1
,0
,0
,1
,1
,1
,1
,0
,1
,1
,1
,1
,1
jeopardizes,0
,1
,0
,0
,1
,0
,1
,1
,0
,0
,1
,1
,1
,1
,1
,1
,1
,1
list,0
,0
,0
,0
,0
,0
reaganomics,0
,1
,1
,1
,0
comedies comedies,0
,1
,0
,0
,1
list,0
,0
list,0
,1
,0
,0
,1
,1
,1
,0
,0
,0
,0
,0
,0
,1
comedies,1
list,0
,1
,1
psychedelic,0
,1
,1
,0
,0
,1
list,1
,1
comedies list,1
comedies,1
,1
,0
,1
,1
,0
,1
,1
vierde,1
,0
,1
,1
,1
,1
,0
,0
,1
comedies,1
,0
,1
,1
,0
,0
,1
,1
comedies,0
,1
,0
,0
,0
,0
,1
,0
,1
,0
,1
,1
,1
comedies,0
,0
,1
,1
,0
,1
,1
,1
,0
,0
,1
,0
,0
,0
,1
,1
list,0
,0
,1
,0
,1
,1
,1
,0
,0
,0
,0
,0
,1
,1
,0
,0
,0
,0
,0
,1
,1
,1
,1
,1
,1
,1
,0
,0
,0
,1
,1
,1
,0
,0
,1
,0
,0
,1
,0
,0
,0
,0
,1
,1
,1
,1
,0
,1
,0
,0
,1
,0
,0
,0
,1
,0
list,1
,0
comedies comedies,1
,1
,1
,0
,1
,0
,1
,0
,1
,1
,1
,0
,0
,0
,1
,0
list,0
,1
amicably,0
,1
pursues,0
,0
,1
,1
,0
,0
,1
,0
lex lex,1
,1
,1
,0
,0
,0
,0
,1
,0
,1
,1
,1
,0
,0
,1
,1
,1
,0
,0
,0
,0
,0
,0
,0
,0
,1
,1
,0
,1
,1
,1
,1
,1
,1
,0
,1
,0
,1
,0
,0
,1
,0
,1
,0
list,0
,0
,0
,0
,0
,0
,1
,1
,0
,0
,1
,1
,0
,0
,0
,0
,0
,1
,0
,0
,1
,0
,1
,0
,0
,1
,1
,0
,0
,0
,1
,0
,1
,0
,1
,0
,1
,0
,0
,0
,0
list,1
,0
,0
,1
,1
,0
everand,0
,1
,1
,0
,0
,0
,1
,1
,0
,0
,0
,1
,1
,0
,0
,0
,1
,1
,1
,0
,0
,0
list,1
,0
,1
,0
,1
,0
,0
,0
,0
chew successfully,1
,1
,1
,1
,0
,0
,0
,1
,0
,0
,1
,0
successfully,1
,1
,1
,0
,1
,1
,1
,1
,1
,1
,0
,0
,0
,0
reproductive,1
,0
,0
,0
,1
,1
comedies,0
list,1
,1
,0
,1
,0
,0
,1
,1
,1
,1
,0
,1
,1
,1
,1
,1
,0
,0
,0
,0
,0
list,0
,1
,0
,0
,1
,1
,0
,0
,1
,1
,0
,0
,0
,0
,1
,0
,1
,1
,1
breakthrough breakthrough,1
,0
,1
,0
,1
,0
,1
,1
,1
,1
,1
,0
,0
,1
,1
,1
,1
,1
,0
,0
,1
,1
,0
,0
,0
,0
,1
,1
,0
,0
,1
youngster,0
,0
list,1
,1
,0
,0
,0
,1
,1
,1
,0
,1
,0
,1
,1
,1
,0
,1
,1
,1
,0
,0
denizens,0
,0
,1
,0
,1
,1
,1
,0
,0
,1
,0
,1
,1
,1
sundance,1
,0
,1
disgusted,1
,0
,0
,0
,0
,1
,0
,1
,0
,0
,1
,0
,1
,0
,1
,1
,0
,1
,1
,0
,1
,1
,0
,1
,1
,1
,1
,1
,0
,0
,0
,1
,1
,1
,1
,0
,1
,0
,1
,1
,1
list,1
,0
,1
,1
,1
,0
,1
,1
,0
,0
,0
,0
,0
,0
,1
,0
,0
,0
,0
,1
laboratory,1
,0
,1
,1
,1
list,0
,1
,1
,1
,1
,0
,0
,1
,0
,0
,0
,0
,0
,1
,1
,0
,0
,0
,1
,0
,1
,0
,0
,0
,1
,0
,1
,1
,0
,1
,0
,0
list,0
,0
,0
,1
,0
,1
,1
,0
,0
,1
,1
,1
,0
,0
,1
comedies,0
,1
,0
,0
,1
,0
,0
,0
,0
,1
,1
,0
,1
,1
list,1
,1
,0
,0
,1
,0
,1
,0
,0
,1
,0
,1
,1
,1
,1
,1
,0
,1
,0
,0
,0
list,1
,1
,1
,1
,0
,0
,1
,1
,1
,0
,0
,1
,1
,1
,0
,1
,1
,1
,0
,0
,1
,1
,1
laboratory laboratory,0
,0
,1
,0
,1
,0
,0
,1
,1
,0
,1
,0
,1
,0
,0
,0
,0
,0
,0
,1
,1
,1
,1
,1
,0
,0
,1
,1
,0
,1
,1
,0
,0
,1
,1
,1
,0
,1
,0
,0
,0
,1
,1
,1
,0
,0
,1
,0
,0
,1
,0
,1
,1
,1
,1
,1
,1
,1
,0
,1
,1
,0
,0
gunrunners,0
,0
,0
,1
,0
comedies,0
,1
,0
,0
,0
,1
,0
,1
,1
,0
,0
,0
,1
,1
,1
,1
,1
,0
,0
,0
,0
,0
,0
,0
,1
,1
,1
,1
,0
,0
,0
,0
,0
,0
,1
,1
,1
,1
,1
,0
,1
,1
,0
,0
,0
,1
,1
ambiguities,1
,1
,1
comedies,0
,0
,1
,0
,1
,0
,0
,1
chew,1
,0
,0
,1
,1
,1
,0
,1
,0
,0
,0
disgusted,1
,1
,0
,0
,1
comedies,1
,0
,1
,1
,1
,0
,0
,0
,1
,0
,0
,0
,0
,1
,0
,1
,1
,0
,0
,1
,0
,1
,1
,0
,1
,0
,1
,1
,1
,1
,0
wikipedia,0
,1
,0
,1
,0
,0
,0
,0
,0
,0
,1
,0
comedies,0
,1
,1
,1
,0
,0
,0
,1
,1
,0
,1
,1
comedies,0
,1
,1
,1
,1
,1
,1
,1
,1
,0
,0
,1
,1
,0
,0
,1
,1
,1
,1
,0
,0
,0
,1
,0
,0
,0
,1
,0
,1
,1
,1
,1
,1
,1
,1
,0
,1
,0
,1
,0
,0
,0
comedies,0
,0
,1
,0
,0
shaqgenie,0
,1
,1
,1
,0
,1
,0
,1
,1
,1
,1
,1
,0
,1
list,1
,1
,0
,0
,0
,0
,0
,1
zombified,0
,1
,0
,0
,0
,0
,0
,1
,0
,1
,1
,0
successfully,0
,0
,0
,1
,1
,0
,1
,0
,1
,1
,0
,0
,1
,1
,0
,0
,0
,1
,0
,1
,0
evoking,0
,0
,1
,1
,0
,0
rereleased,1
,0
,1
,0
,0
,1
,0
,1
,0
,0
,0
,0
,0
,0
,0
,0
,0
,1
,0
,1
,0
,0
,1
list,0
,1
,1
,1
,1
,0
list,1
,1
,1
,1
,1
,0
,0
,1
,1
,0
,0
,1
,1
,1
,1
,0
,0
list,0
,1
,1
,0
,0
,1
,0
,0
,0
,1
,0
,1
,1
,1
,0
,0
,0
,0
,0
,1
,0
,0
,1
,1
,0
,1
,1
,1
,0
,1
,1
,0
,0
,1
,1
,0
,0
,0
,1
,0
,0
,1
,0
,0
,1
list,1
comedies,1
,0
,0
,1
,0
,0
,1
,0
,1
disgusted,0
,1
,1
,1
,1
,1
,0
,1
,1
,1
,1
,0
,0
,0
,1
,1
,0
,1
,1
,0
,0
,0
,1
,1
,1
,1
,1
,0
vagina vagina vagina,1
,1
,1
,0
,1
,1
,1
,0
,0
,1
,0
,1
,0
,1
,1
,1
,0
,1
,1
,0
,0
,1
,0
,1
,0
,1
,1
,0
,1
,1
,1
,0
,1
,1
,1
,1
,1
,1
,0
,0
,0
,1
,0
laboratory laboratory,0
,1
,1
,0
,0
,0
,0
,0
,0
,0
,0
,0
,1
,1
,1
,0
,1
,0
,1
,1
,1
,0
,1
,1
,0
,0
comedies comedies comedies,0
,1
,1
,1
,1
,0
,0
,0
,1
,1
,1
,1
,0
,0
,1
,0
,0
,0
,0
chew,0
,1
,0
,0
,0
,0
,0
,1
,0
,0
,0
,0
,0
,1
,0
,1
,0
,1
,0
,0
,0
,0
,0
,1
,0
,1
,1
,1
,0
list,0
,0
,1
,1
,0
,0
,1
,0
,0
,1
,1
,0
,1
,0
,0
,1
,0
,0
,1
,0
,1
,1
,0
,1
,0
,0
,0
,1
,0
,1
,0
,0
,0
,1
,0
,0
,0
,1
laboratory,1
,0
,1
,0
,0
,1
,0
,1
list,1
,0
comedies,1
,0
,1
,1
,0
,0
,1
,1
,0
,1
,1
,1
,1
,0
,0
,0
,0
,0
,0
,1
,0
comedies,0
,0
,1
,0
selfimportance,0
,0
,1
,1
,1
,1
,0
,0
,0
,0
,1
,1
,1
,1
,1
,0
4year,1
,0
,1
,0
successfully,0
,1
,0
,1
,1
quake,1
,1
,1
list,0
,1
,0
,0
,1
,0
mismatched,0
,0
,1
,0
,0
,0
,0
,0
,0
,1
,1
,0
,0
,1
list,0
,0
,1
,0
,0
,1
,1
,1
,0
,0
,1
,1
,0
,1
,1
,1
,1
,0
,0
,0
,0
,1
,0
,0
,1
,1
,1
,0
,0
,1
,0
,1
,1
,1
,0
,1
chew,0
,0
,1
,1
,0
,0
,1
,1
,0
,0
,1
,1
,1
list,0
,1
,1
,1
,1
,0
,1
,0
,1
,0
,1
,0
,0
,0
,1
,0
,0
,0
,0
,1
,0
,0
,1
,0
guyhis,0
,1
,0
,1
,1
,1
,0
,1
,0
psychedelic,0
,0
,0
,0
,0
list,0
,1
,0
,0
,0
,1
,1
,1
,0
,0
successfully,0
,0
,1
,0
,1
,0
,0
,1
,1
,0
,0
breakthrough,1
,1
,0
,1
,0
,1
fluid breakthrough,0
,1
,0
,0
,0
,0
,1
,0
,0
,1
,0
,0
,0
,0
,1
,1
,0
,0
,0
list,0
,0
,1
,0
,0
,0
,0
,0
,0
,1
,1
,1
,0
,1
,0
,1
,1
,0
,0
,0
,1
,1
,1
,1
,1
,1
,0
,1
,0
,0
,0
,1
,0
,1
,0
,1
,1
,1
,1
list,0
,1
,1
,1
,0
,1
,1
,1
,1
yorki,1
,0
,0
,1
,0
,0
,0
,1
,0
,0
,0
,1
,0
,1
,0
,1
,0
,1
,1
,0
,0
,1
,1
,0
,0
list,0
,0
,1
,0
,1
,1
disgusted,0
,1
,0
,0
,0
,1
comedies,0
,0
,1
,1
,0
,0
,1
,0
,1
,1
,0
,1
,0
,0
,0
,1
,0
,0
,0
,1
,1
,0
,1
,0
,1
,0
,0
,0
,1
,1
,1
,0
,0
,0
,0
,1
,1
,0
,0
,0
,1
,1
,0
,1
,0
,1
,0
,1
,0
,0
,1
,0
,0
,1
,1
,1
,1
,0
,0
,0
,1
butterfly,1
,0
,1
,0
,0
,1
,1
,0
,0
,0
,0
,0
,1
,1
,1
,1
,1
,0
,1
,0
,0
,0
,1
,0
,1
,1
,0
,1
,0
,1
,1
,1
,0
,1
,0
list,0
,1
comedies comedies,1
,0
,1
,1
,1
,1
,0
,0
,1
,0
,0
,0
,0
,1
,0
,0
,1
,1
,1
,1
,1
,1
,1
,0
,1
,0
,0
zombified,0
,0
,0
,0
,1
,0
,1
,1
,0
,0
,0
,0
,1
,1
,1
,0
,0
,1
,0
,0
,1
,0
,0
,1
,1
,1
,1
,1
,0
,0
,1
,0
,0
,0
,1
,0
,0
,1
,1
,1
,0
,0
medically,0
,0
,1
,1
,0
,1
,0
,1
,0
,1
,1
,0
,1
,0
,0
,1
,1
,0
,1
,0
,1
,1
,1
,0
,1
affleck,0
,0
,0
,1
,0
,0
,1
didactic,0
,1
,0
,1
,0
,0
,1
,1
list,0
,0
,1
,0
,0
,1
,1
,0
,0
,1
,1
,1
,1
,0
,0
,0
,0
,0
,0
,0
,1
,1
,1
,0
,1
,1
,1
,0
,0
,1
,1
,0
,0
,1
,0
,1
,0
,1
comedies,0
,1
,0
,0
,0
,0
,1
,1
,1
,0
moodsettling,1
,1
,1
,0
,0
,1
,1
,0
,1
,0
,0
,1
,0
,1
,1
,0
,0
,0
,1
,0
,0
,1
,1
,0
,1
,1
,0
,1
,1
,1
,1
list,0
,1
,0
,1
,0
,1
,0
comedies,1
,1
,0
,0
,1
,1
,0
,0
,0
,0
,0
,0
,0
,1
,1
,1
,1
,1
,0
,0
,0
,0
,1
,1
,0
,0
,0
,0
,1
,1
comedies,1
,1
,0
,1
,1
,1
,1
,1
,0
,1
,1
,0
chew,0
,1
,1
,1
,0
,1
,0
,1
,0
,1
,0
,0
,1
,0
,1
,0
,1
,1
,0
,1
halloweendubbing,0
,1
,1
,0
,0
,1
,1
,1
,1
,0
,0
neolithic,1
,0
,0
,1
,1
wikipedia,0
disgusted,0
list,0
,1
,1
,0
,0
,0
,0
,1
,1
,1
,0
,1
,1
,1
,0
,1
,0
,1
,1
,1
,0
,0
,0
,0
,1
,1
,1
,0
,0
,1
,0
list,0
,0
,1
,1
,0
,1
,0
,1
,1
,1
,1
,1
,1
,0
,0
,1
,0
,0
,0
,0
,0
,0
,0
,1
,0
,0
,0
,0
,0
,0
,1
,0
,1
,1
,0
,0
,1
,1
,0
,0
,1
,1
,1
,0
,0
,0
,0
,0
,0
,0
,0
,1
,1
,1
,0
,1
,1
,0
comedies,0
,1
,0
,0
butterfly,0
,1
,1
,0
,1
,1
,0
,1
,1
,0
,1
,1
,0
,0
,1
,0
,1
,1
,1
,1
,1
,1
successfully,1
list,1
,0
,1
disgusted,1
,1
,0
,0
,1
,1
,0
,0
,0
,0
,1
,0
,1
,1
,1
,0
list,1
laboratory,0
,1
,1
,1
,0
successfully,0
,0
,1
,0
,0
,1
,1
,0
,0
,0
,0
,1
,0
successfully,0
,1
,0
,1
effectsthe,0
,0
,0
,0
,1
,0
mustered,0
,0
,0
,1
,0
vagina,0
,0
,0
,0
,1
,1
,1
,1
list quake,1
,1
,0
,1
,0
,1
,0
,1
,1
,0
,1
,1
,1
,1
,0
,0
,1
,1
,0
,0
,1
,0
,1
,1
,1
,0
,1
,1
,0
,1
,0
,1
,0
,0
,0
,0
,0
,0
,0
,1
,0
,0
,0
versionjust,0
,0
,1
,1
,1
,1
,1
,0
,0
,1
,0
,1
,1
,1
,0
,1
,0
,1
,0
,0
,0
,0
,0
,0
,1
,0
,1
,0
,0
,0
successfully,0
successfully successfully,0
,1
,1
,1
,0
,1
,0
,0
,0
,0
,1
,1
,0
,1
,0
list,0
list,0
,1
,0
,0
,0
,0
,1
,0
,0
,0
,0
,0
,0
,1
,0
,1
,0
comedies,1
,1
,1
,1
,1
,0
,1
,0
,0
,0
,0
,1
,1
,1
,0
,0
,1
,0
,0
,0
,1
comedies,1
successfully,0
,0
,1
,0
,1
,1
,1
,1
list,0
list,0
,0
,1
laboratory breakthrough,0
,1
,1
,0
,1
,0
,1
,0
,0
,1
,0
,1
,1
,0
,0
,1
,1
,0
,1
disgusted,0
,0
,0
,0
,0
,1
,0
,0
,1
,1
,1
,1
,0
,0
,1
,0
list,1
,0
,1
,0
,0
,1
,0
,0
,0
,1
,1
,0
,1
,0
,0
,0
,0
,1
,1
list,1
,0
,0
,1
,0
,0
,1
,1
,1
,1
,0
,0
,1
pursues,1
,0
,0
,0
,0
,0
,0
,1
,1
,1
,0
,0
,1
,1
,1
,1
,0
,0
,0
,0
,0
,1
,1
,1
,0
,1
,0
,0
,1
,1
,0
,1
,0
,0
,1
,1
chew,0
,0
,0
,1
,1
,0
,0
,1
,1
,0
,0
,0
,0
,1
,0
,1
,1
,0
,1
,0
,1
,1
,1
,0
,0
,1
,1
,0
,0
,1
,1
,0
,1
,1
,1
,1
,0
,0
,1
,0
,0
,0
,0
,0
,0
,1
,0
,0
,0
,0
,0
,0
,1
list,1
,0
,1
,0
,1
comedies,1
,0
,0
,0
,1
,1
,1
,1
,1
,0
,1
,0
,0
,1
,0
,1
,1
,0
,0
,0
,1
,1
,1
,0
,0
,0
,0
,1
,1
,0
,1
lex,0
,1
,0
,1
,1
comedies,1
,1
,0
,0
,1
,1
,1
,1
,1
,1
,0
,0
,1
,1
,1
,0
,0
,0
,0
,1
,0
,1
,0
,0
,0
disgusted,0
,0
,1
,1
,1
,0
,0
list,0
,1
,0
,1
,0
,0
,0
,1
,1
,1
,0
affleck,0
psychedelic successfully,1
chew,1
,0
,0
,0
,0
,1
,1
,1
,0
,0
,0
,0
,1
,1
,0
,0
,0
,0
,1
,0
,1
,0
,0
,1
,1
,1
,1
,0
,0
,1
,1
,0
,1
,1
,0
,1
,1
,1
,1
,0
,0
,0
,0
,0
,1
,1
,1
,1
,0
,0
,1
,0
,0
,1
,1
,1
,0
,1
couldntsing,1
breakthrough laboratory,1
,0
,0
,1
list,0
,0
,0
,0
,1
,0
,0
,1
,1
,0
,1
,1
,0
,0
,1
,0
,0
,0
,1
,0
,1
,1
,1
,0
,0
,0
,1
,0
,0
,1
,1
list list,1
,1
list,0
,1
,0
,0
,0
,0
,1
,1
,1
,0
,1
,0
,1
,1
,1
,1
,0
,0
,0
,0
,1
,1
,0
,0
,1
,1
,1
,1
,1
,0
,1
,0
,1
,1
,1
,1
,0
,0
,1
,1
list,1
,0
,1
,1
,1
,1
,1
,0
,0
,1
,0
,0
,1
,1
,1
,0
,0
,0
,1
,0
,1
,1
,0
,1
,1
,1
,0
,1
geste,1
,0
,0
,1
,0
,0
,0
lex,1
,0
,0
,1
,1
,0
,1
mismatched,0
,0
,1
fluid,1
list,1
,1
,0
,0
,0
,0
,0
,1
list,0
,0
,0
,1
,0
,1
,0
,0
,1
,1
,0
,0
,1
,1
,1
,0
,0
,1
,0
,1
,1
shekhars shekhars shekhars filmwhat,1
,0
,0
,1
,0
,1
comedies comedies,1
,0
successfully,1
,1
,0
,0
,0
,1
,1
,1
,0
,1
,1
,1
,0
,0
,1
,0
,0
,0
,0
,1
,1
comedies,1
,0
,1
,1
,0
,0
,0
,1
list,1
,0
,1
,1
,0
,1
,1
,1
,1
,1
,0
,1
,1
,1
fluid,1
,0
,0
,0
,0
,0
,1
,0
,0
list,1
,0
,0
,0
,1
,0
,1
,1
chew,0
,1
,0
,1
,0
,0
,1
,1
,1
,1
,0
,0
mismatched,1
,0
,0
,0
,0
,0
,0
,0
begraphics,1
,0
,0
,1
,0
,0
,1
,1
,1
,0
,0
,0
,1
,1
,0
,1
,1
,1
,0
,0
,1
,0
,0
,1
,1
,1
,1
,0
,1
,1
,0
successfully,0
,1
,1
,1
,0
,1
,1
,0
list,0
,1
,0
,1
,1
,1
,0
,0
,0
,1
,0
,0
,0
,0
,1
,1
,1
,0
,0
,0
,0
,0
,0
,0
,1
,1
,0
list,1
,0
,1
,0
,1
,1
,0
disgusted,0
,1
,0
,0
,0
,0
,0
,0
,0
,1
,1
,1
,1
,0
,1
,1
,0
,1
,0
,1
,1
,0
,1
,1
chew,1
,0
,1
,1
,0
,1
,0
,1
,0
,1
,1
,0
,0
,0
,1
,1
,0
,1
,0
,0
,0
,1
,1
,0
,1
,0
,0
,0
,0
,1
,0
,0
list,1
psychedelic,1
sundance,0
,1
,0
,1
,1
,1
,1
,1
,0
,1
,0
,1
,1
,1
,1
,1
,1
,0
,1
,0
,1
,1
,0
,1
,1
,0
,1
,1
,1
,1
,0
,1
,1
,1
,0
,0
successfully,0
,0
,0
,1
,1
,0
handicap,1
,1
,0
,1
,1
,1
,0
,0
,0
,1
,1
,0
,1
,1
,1
,1
,1
,1
,1
,0
,0
,0
,0
,0
,0
,0
,1
,0
,1
,0
,0
,0
,0
,0
,0
,1
,0
,1
,1
,0
,1
,0
,0
,1
,1
,1
,0
,0
,0
,1
,0
,0
,1
,1
,0
,1
,1
,1
,1
,0
,0
,1
,1
,1
comedies,0
,0
,0
,0
,0
,1
,1
,1
,0
,1
,0
,1
,0
,1
,1
,0
,0
,1
,1
,1
,1
,1
,0
,0
,1
,0
,1
list list,1
,1
,0
,1
,0
,1
butterfly,0
,0
,1
,1
,0
,0
,1
,0
,1
,0
,1
,0
,1
,0
,1
,0
,0
,0
,0
,1
,0
,1
,1
,1
,1
sundance,1
,0
,0
,1
,1
,0
,1
,1
,1
,1
,0
,1
,0
,1
,1
comedies,0
,0
,1
,1
,1
,1
,1
,1
,0
comedies,0
,1
,1
,0
,1
affleck,1
,0
,0
,0
list sundance list,0
,0
,0
,1
,1
,1
,0
,1
,1
,1
,1
,1
,0
,0
,1
,1
,1
,0
,0
,1
,1
,0
ajas,0
,1
,0
list,0
breakthrough,0
,1
,0
anew,1
,1
,1
,0
,1
,1
,0
,0
,1
,1
,0
,1
,1
,0
,0
disgusted,0
,0
,1
,1
,0
,1
,0
,1
,0
,0
,1
,1
affleck,0
,1
laboratory,1
,1
,0
,1
,0
,1
,1
,1
,1
,0
,0
,1
,1
,1
,1
,0
,0
list,1
,1
,0
,0
,0
,1
,0
,1
,1
,0
,0
,1
,0
,1
,1
,0
,0
list,1
,1
,1
,0
comedies,1
,0
,1
,1
,1
,0
,1
,0
,1
fluid,1
,1
,1
,0
,1
,0
,0
,0
,1
,1
,0
,0
,0
,0
,1
,1
,1
,0
,0
list,0
,1
,1
,0
,1
,0
,1
,1
,0
,0
,1
,1
,1
,1
list,0
,0
,1
,0
,1
,0
,1
,1
,1
,1
,0
,1
,1
pursues,0
,0
,0
,1
,1
,1
,0
,1
,0
,1
,0
,0
,1
,0
,1
,0
,1
,0
,0
,0
,0
,0
,1
,0
,0
successfully,0
,1
comedies laboratory,1
,1
,0
,0
,0
,0
,1
,0
,1
,1
,1
,1
workingthe,1
,0
,1
,0
,0
,0
,0
,0
,0
,1
,0
,1
list,1
,0
,0
,1
,0
,1
,1
,0
,0
,0
,0
,0
,0
,1
,0
,1
,0
,0
,0
,0
,0
,1
,1
,1
,1
disgusted,1
,1
wga,0
,0
,0
,1
list,1
,1
,0
,1
,1
,0
psychedelic,0
,1
,0
,1
,0
,0
,1
,1
,1
,1
,0
youngster,1
,0
,1
,1
,0
,0
,0
,1
,1
,0
,0
,1
,0
list,1
,1
,0
,1
,1
,1
,0
,1
,0
,0
,1
,1
,0
,1
,0
,1
,0
,1
,1
,1
,0
,1
,1
,0
,0
,0
youngster,1
,0
,1
,0
list list comedies,1
,0
,0
,0
,0
,1
,1
,0
,1
,0
,0
list,0
,0
,0
,0
,1
,1
,0
,1
list,1
,1
,0
,1
,1
,1
,0
,1
,0
,1
,0
,1
,1
list,1
,1
,1
,1
,1
,0
,0
,0
,0
,1
,1
,0
,0
,1
,0
,0
,0
,1
,0
,1
,1
laboratory laboratory,0
,1
,0
,0
,0
,0
,1
,0
,1
,0
,1
,1
,0
,1
,0
,1
,1
,0
,1
,0
,0
,1
,1
,1
,1
,0
,1
,0
psychedelic,1
,1
,1
,0
,0
,0
,1
,0
,1
,0
,0
,1
,0
,1
,0
,1
,0
,1
,1
,1
,0
,1
,1
maleonly,0
,0
,0
,0
,1
,0
breakthrough,1
,0
,0
,0
,0
,0
,0
,0
,1
,1
,1
,0
,0
,1
,1
,0
,0
,0
,1
,0
,1
,1
,1
,0
,1
,0
,1
,0
,0
,1
,0
,1
,1
,0
,1
lex,0
,0
,1
,0
,1
,0
,1
,0
,0
,0
,1
,1
,1
,0
,0
,0
,1
,1
list,0
,0
,0
,1
,1
,1
,1
,1
,1
,1
,1
,0
,1
,0
,1
,0
,1
,1
,1
psychedelic,1
,0
,1
,1
,0
,1
,1
,0
,1
,1
,0
,0
,0
,0
,1
,1
,1
,1
,0
,0
,1
,1
,0
,0
laboratory laboratory laboratory,1
,1
,1
,0
,1
,1
,0
,0
,0
,0
,1
,1
,1
sundance,1
,0
,0
,0
,0
,1
successfully calchas calchas,1
,1
,1
,0
,1
,1
,1
,0
,1
,1
,1
,1
,1
,0
,0
,1
,1
list,1
,1
,1
,1
,0
,0
,1
,1
,0
,0
,1
,0
,0
affleck affleck,0
,1
,0
,0
,1
,0
,1
,0
,1
,0
,1
,0
,0
sundance,0
,1
,1
,1
,1
,0
,1
,1
,1
patting,0
list list,0
,0
,1
,0
,0
nambla,0
,1
,0
,0
,1
,0
,1
,0
,1
,0
,1
,1
,1
,1
,1
,0
,0
,0
,0
,0
,0
,0
,0
,0
,1
,0
,0
,1
comedies comedies,1
,0
,0
,0
,0
,1
,1
psychedelic,0
,1
,1
,1
,0
,0
,1
,0
,1
,0
,0
,0
,0
,0
,1
,1
,1
,0
,0
,0
list list,0
,0
,0
,1
,1
,1
,0
,0
comedies,1
lex,1
,0
,0
,0
,0
,0
successfully,0
,1
,0
,1
,0
,1
,1
comedies,1
,0
,1
,1
successfully,0
,1
list list list list,0
,0
,1
laboratory,1
,1
,0
,0
,0
,0
,1
,0
,1
,0
,1
,1
,1
,1
,1
,0
,0
,1
testicles,0
,0
,0
,1
,0
,0
,1
,0
successfully,1
list list,0
,0
,0
,1
,0
successfully,1
,1
,0
,1
,1
,0
,1
,0
,1
,0
,0
,1
,0
,0
,1
,1
,1
,1
,1
,1
,0
,0
,0
,0
,0
,0
,1
,0
,0
,0
successfully,1
,0
,0
,1
,1
,0
,0
,1
list,1
,1
,1
,0
,1
,0
,1
affleck affleck,1
,0
,1
,0
,1
,1
,0
,1
,1
,1
,1
,0
,1
,1
,0
,0
,1
,1
,0
,1
,0
,1
,1
,0
,0
,1
,0
,0
,1
,1
,0
,0
,1
,1
,0
,0
,1
,1
,1
,1
,1
,0
,0
,1
,1
,1
,1
,0
,1
,1
,1
,1
,1
,0
mismatched mismatched,0
,0
,1
,0
,0
,1
,0
,0
,1
,1
,0
,1
,1
,1
,0
,0
,1
,0
,0
,1
,0
,1
,0
,0
,1
,1
,0
,0
,1
,1
,1
successfully,1
,1
,0
,0
,0
,0
,0
successfully,0
,1
,1
,0
,1
,0
,0
,0
,1
,1
,1
,0
,1
,0
,0
,0
,1
,0
,0
,1
,1
,0
,0
,1
,1
,1
,1
,0
,0
,0
imani,1
,1
,1
,0
,1
,1
,0
,1
,0
,1
,1
,0
,1
,0
,1
,0
,0
,1
,0
,1
,0
,1
,0
,1
,0
,0
,1
,1
,0
,1
,1
,1
,1
,0
,1
,0
,0
,1
,1
,0
,1
,0
,0
,1
,1
,0
,1
,0
,0
,0
,0
,0
,1
,0
,1
,0
,0
,0
,1
,0
,1
,0
,1
,1
,1
,1
,0
,1
,0
,1
,1
,1
,0
,0
,0
,0
,1
,0
,1
,0
,1
,1
,1
,1
,0
,1
,0
,0
,1
,0
,0
,1
,1
,1
tripods,0
,1
,1
,1
,0
,1
,1
,1
,1
,0
,0
,1
,1
,0
,1
,0
,0
,0
,1
,0
,1
,0
,1
,0
,1
,1
,1
,1
,0
,0
,0
,1
,0
,0
,1
,0
,0
,0
list,1
,0
,0
,1
,1
,1
,1
,0
,1
,1
,1
,0
,0
,0
,1
,1
,0
,1
,0
,1
,1
,0
,0
,1
,0
,1
streeps,1
,0
,1
,1
,1
,0
,1
,0
,0
,1
,0
,0
,1
,0
,0
,1
,1
,1
,1
,0
,0
,1
,1
,1
,1
,1
,1
,0
,0
,1
,1
,1
,1
comedies,1
,1
,0
,1
,1
,1
,1
,0
,1
,0
,1
,0
,0
,1
,1
,0
,1
,0
,0
,0
,0
,1
,0
,1
,1
,0
,0
,0
,1
,0
,1
,1
,0
list,0
,1
,0
,1
,1
,0
,0
,1
,0
mismatched,0
,1
,0
,1
,0
,0
,0
,1
,0
,1
,0
chew,0
,0
,1
,1
,0
,1
,0
,0
,0
,1
,0
,0
,0
,0
sundance,1
,0
,0
,1
,1
,1
,1
vagina,0
,1
,1
,0
,0
,0
,1
,1
,0
,1
,0
,0
,1
,0
,1
butterfly,1
,0
,0
,0
,0
comedies,1
,0
,1
chew,0
,0
,1
,0
,0
,1
,1
,0
,0
,0
,0
,0
,0
,0
,1
,0
,0
,1
,0
,0
,0
,1
evoking,1
,1
,0
,1
,1
,1
,0
,1
,1
,0
,0
,1
,0
,1
comedies,0
,1
,0
,0
,1
,0
,1
comedies,1
,0
,0
,0
,0
,0
,1
,0
,1
,1
,1
,1
,1
,1
,0
,1
,1
,0
,0
,1
,1
,1
,0
,0
,0
,1
,1
,0
,0
,1
,1
,1
,0
,0
,0
,0
,1
,1
,0
,1
,0
,0
psychedelic,0
vagina vagina,0
,1
,0
,1
,0
,1
,0
,0
,0
,0
,1
,1
,1
,1
,0
,1
,0
,1
,0
,1
,0
,1
,0
,1
,0
,1
,0
,0
,1
,1
,0
,1
,1
,0
,0
,1
,0
,1
,1
,1
,1
,1
,1
,1
,0
,1
,0
,0
,0
,1
,0
,0
,0
,0
,0
,0
,1
,1
,0
,1
,0
,1
,1
,0
,0
,0
,1
,0
,0
,0
,1
,1
,1
,1
,1
,0
,0
,0
,1
,1
,1
,0
successfully,0
,0
comedies,1
,0
,0
,1
,0
,1
,1
,1
,0
,0
,0
,0
,1
,1
,1
,0
,1
,0
,1
,1
,1
,1
,0
,1
,1
,1
,1
,0
,1
,0
,1
,1
hippydippy,0
,1
,0
,1
,0
,0
,1
,1
,1
,1
,0
,0
,1
,0
,0
,1
,0
,0
,1
butterfly tenyearold,0
,0
,1
,1
,0
,0
,1
,1
,0
,0
,1
,0
,0
,0
,0
,1
,1
,0
,0
,0
,1
,1
successfully,1
comedies list,0
,0
,0
,1
fluid,0
,0
,1
,1
,1
,0
wikipedia,0
,0
,0
,1
,1
,1
,1
,1
,1
,0
,0
,0
,0
,1
,1
,0
,1
,1
,0
,0
,1
,1
,0
,0
,0
,0
,0
,0
,1
,0
,1
,0
,0
,1
,1
,0
,0
,1
,0
,0
,1
,1
,0
,1
,0
,1
,1
list,0
,1
,1
,1
,1
,1
,0
,1
,0
,1
waterbury waterbury successfully,1
,0
,0
,1
,1
comedies,1
,0
successfully,1
,0
,0
,0
,0
,0
,1
,1
,1
,0
,0
,1
,1
,1
,0
,1
list,0
,0
,1
,0
,1
,1
,0
,0
list,1
,0
,0
,0
,1
,0
,0
,0
mismatched,0
laboratory,0
,1
,1
,1
,1
,1
,1
,1
,1
list,0
,1
,0
,1
,0
,1
,1
,0
,0
,0
,0
,0
,0
,1
,1
,1
,0
,0
,0
,1
,1
,1
,0
,1
,0
,0
,1
rougei,1
,1
,1
,1
,1
,1
,0
,0
,1
,0
disgusted,0
,1
,0
,1
,1
sundance,1
,0
comedies,0
,1
,0
,1
,1
,0
,1
,1
,0
,1
,1
,0
,1
,1
,0
,0
comedies comedies,1
list,1
,0
,1
,1
,1
,1
,0
,1
,1
,1
,1
,1
,1
,0
,0
,0
,1
,1
,0
,1
,0
,0
,0
,0
,1
haiku,1
,1
,0
,1
,1
,0
,0
,0
,0
,0
,1
,1
,1
,0
,1
,1
,1
,0
,0
,1
,0
,1
willard,0
,1
,1
,0
comedies,1
,1
,0
,1
,1
,0
,0
,1
,1
,0
,1
,1
,1
,0
,0
,1
,1
,1
,0
,1
,1
,1
,0
list,0
,1
,0
,0
list,1
,1
,1
,1
,1
,1
,1
,0
,0
,1
,1
,0
chew,0
,1
,1
,1
,1
comedies,0
,1
,1
,1
,0
,0
,1
,0
,0
,0
,0
,1
,1
,1
,0
,1
,0
,0
,0
,1
,0
,0
,1
,0
,0
,0
,1
,0
,1
,0
,0
,1
,0
,0
,0
,1
,1
,0
,0
,0
,1
,0
,0
,0
,1
,1
,0
rousseau,1
,1
,1
,1
,0
,1
,1
,1
,1
comedies,1
,0
,0
,1
,1
,1
,1
,0
,0
,0
,0
,1
,1
,1
,1
,1
list list,0
,0
,0
,1
,1
,1
,1
,0
,0
,1
,0
,0
,0
,1
,0
,0
,0
,1
,0
list,1
lex,1
,1
disgusted,1
,1
evoking,0
,0
,1
,1
,0
,0
,0
,0
,0
,0
,1
,0
,1
,1
,0
,0
,0
,0
,1
successfully,1
,0
,1
,1
,1
,1
,1
,1
,1
,0
,0
,0
,0
,0
,1
,1
,1
,1
,0
,0
,0
,0
,0
,0
psychedelic,0
,1
,1
,1
lex lex,0
,1
,0
,1
,0
,0
,1
,1
sundance sundance,0
,0
,0
,0
,1
,0
,0
,1
mismatched,0
,1
,1
,0
,1
,1
,1
,1
,0
,0
,1
,0
,1
,0
,1
,0
,0
,0
,0
,1
,0
,1
list list,1
,1
,1
,0
,1
,1
,1
,1
,1
,0
comedies comedies,1
,1
,0
,0
,1
,1
,0
,0
,1
,1
,0
,1
,0
fluid,0
,0
,1
,0
,0
,1
,0
,1
patting reproductive,0
,1
,0
,1
,0
,0
,0
,1
,1
,1
,0
,0
,1
,0
,0
,1
,1
,0
fluid,1
,1
,0
,0
,1
,1
,1
,0
,0
,0
,1
,1
,0
,0
list,1
,1
,1
,1
,0
,1
,1
,1
,0
,0
,1
,1
,0
,1
,0
,0
,1
,0
,1
,1
,0
,1
,0
,0
,0
,0
,0
,0
,0
,0
,0
,1
,0
,0
,1
,1
,0
,1
,0
,1
,1
,0
,0
,1
,0
,0
,1
,1
,1
,0
,0
,1
,1
,1
,1
,0
,1
,0
,0
,1
,1
,1
,0
,1
,0
,0
,0
,0
,0
,0
,0
,1
,1
,0
,0
,0
,1
,0
,1
,1
,1
,1
,1
,0
,0
,0
,1
,0
,0
,0
,0
,0
,1
,1
,1
,0
comedies,1
,0
comedies,1
list,0
,1
list,0
,1
,0
,0
,1
,1
,1
,0
,0
,1
,1
,0
,0
chew barbarous,0
,0
,0
,0
,0
,0
,1
,1
,0
,1
butterfly,1
,1
,1
,1
,1
,1
patting,1
,0
,0
,0
,1
,0
,0
,0
affleck disgusted,0
,0
,1
,0
,0
,1
,1
,0
,1
youngster,0
,1
,1
,1
,1
,1
,0
,0
,0
,1
,0
,1
,1
,0
,0
,1
,0
list list,0
,1
,0
,0
,0
,1
,0
,1
,0
settlefor,1
,1
,0
,0
,0
,0
,1
,1
,1
successfully,0
,0
,1
,0
,1
,1
sundance sundance sundance,0
,0
,0
,0
,0
,1
,1
,1
,1
,1
,0
,0
,1
,0
,1
,0
,1
,0
affleck,0
,1
,0
,1
,1
,1
,1
,0
,1
,1
,0
,0
,0
,0
,0
,1
,0
,1
,1
,0
,1
list,1
,1
,1
,1
,1
,0
,0
,1
,0
successfully,1
,1
,0
,0
,0
,1
,0
,1
,1
,0
,1
,1
,0
,0
,1
,1
,1
,0
,0
,0
,1
,0
,0
,0
,1
,1
,1
,1
,1
,0
,1
,0
,1
,1
,1
,1
,1
,0
,0
,0
,1
,1
,0
,0
,1
,0
,1
,1
,1
,1
,0
,0
,0
,0
,1
,1
,1
,0
,0
,0
,0
,1
,0
,0
,0
,1
,0
,0
,0
disgusted,1
,0
list,1
,1
,1
comedies,1
,1
,0
,0
,1
,1
,0
,0
,1
,1
,0
,0
,0
,0
,1
,0
,0
,0
,0
,0
,1
,1
,1
,1
,0
,0
,0
,1
,1
,1
,0
,1
,1
,0
,0
,1
,1
,1
,0
,1
,1
,0
,0
,1
,1
,1
,1
,1
,1
,0
,1
,0
,0
,0
,1
,1
,0
,1
,1
,1
,1
,1
,1
,1
,0
,0
,1
,1
,1
successfully,1
,1
,1
,1
,0
,1
,1
,0
medically,0
,0
,0
breakthrough,0
,0
,1
,1
psychedelic,0
,1
,0
,0
,1
,1
,0
,0
,0
,0
,0
,1
,1
,1
,1
,1
,0
,1
,1
,0
,1
,1
,0
,1
,1
,0
,1
,0
,1
,1
,0
,0
,0
,0
,1
,0
,0
,1
,0
,0
,0
,1
,0
,0
,0
,1
,0
,1
list,0
,0
,0
,1
didactic,1
,1
,1
,0
,0
,1
,0
,1
,0
,1
,0
,1
,0
,0
,0
,0
,0
,0
,0
,1
,1
,0
,1
list,0
,0
wikipedia,1
,0
,1
,0
,1
,0
,1
,0
,1
,0
,1
,1
,0
,1
,0
,0
list,0
,0
,1
,1
,1
,0
didactic,0
,1
,0
,1
,1
,1
,1
,1
,1
,0
,0
,0
,1
,0
,0
,1
,0
,1
,1
,1
,1
,1
,1
,1
,1
,1
,1
,0
comedies,1
,0
,1
,0
,1
,0
,1
comedies,1
,0
,0
lex lex lex lex lex lex lex lex,1
,1
,0
,1
,0
,0
,0
,1
,1
,1
,1
,0
list,0
,0
,0
,0
,0
,1
,1
,1
comedies,1
,1
,0
,0
,1
,1
,0
,0
,0
,0
,1
,0
,1
,1
,1
,0
,1
,0
,0
,1
,1
,1
,1
,0
,1
,0
,1
list,1
,1
,0
,1
,0
,0
,0
,0
,1
,0
,1
,0
,1
,1
,0
,1
,0
vagina,0
,0
,0
,1
,1
,1
,1
,0
fluid,1
,1
,0
,1
,0
,0
,1
,1
,0
list successfully,0
,1
,0
,0
,0
,0
,1
,0
,0
,1
,1
,1
,0
,1
,0
,0
,0
,1
,1
ambiguities,1
,0
,0
,1
,0
,1
,1
,1
,0
,0
,0
,1
,0
,1
,1
,1
,0
,0
,1
,0
,0
,1
,0
,0
,1
,1
,1
,1
,0
,1
,0
,0
,0
laboratory,0
,0
,1
,0
,0
,0
,1
,1
,0
,1
,1
successfully,1
,1
,1
,0
,1
,1
list list,1
,0
,1
,0
,1
,1
,1
,1
butterfly,1
,1
,0
,1
,0
,0
,0
,1
,1
,1
,1
,0
,1
,1
,1
,0
,0
,1
,1
,0
comedies,0
,1
,0
,0
,0
,1
,1
testicles,0
,1
,1
,0
,1
,1
,0
,0
,1
,1
,0
,0
thison,1
,0
,1
,0
,0
,0
affleck,0
,0
,0
,1
,0
,0
,0
,0
,1
,0
,1
,1
fluid,1
,0
,1
,1
,0
,0
,0
,1
,0
,0
,0
,1
,0
,1
comedies,1
,1
,0
affleck,0
,1
,0
,0
,0
,1
,0
,1
,1
,1
,1
,1
,0
,0
,0
,1
,1
,1
,0
,1
,1
,0
,0
,1
,0
,1
,1
effectsthe,1
,0
,1
,0
,1
,0
,0
,1
,1
,0
,1
,1
,1
,1
,0
,1
,1
sundance,1
,1
,0
,1
,0
,1
,0
,1
,0
,1
,1
,1
,1
,0
,0
,0
,0
,0
,1
,1
,0
,1
,1
,1
ambiguities,1
,0
,1
,1
,0
,0
,0
,1
,1
,1
,1
,1
,1
,0
,0
,0
,1
,1
,1
,0
,1
,1
damne damne damne damne damne damne,0
,1
,0
,1
,1
,0
,0
,0
,0
,1
,0
,0
,0
,0
,0
,0
,0
,0
,0
,0
list,1
,1
,0
,1
,0
,1
,1
comedies list list,1
,1
,1
,0
,0
,1
,0
,0
,0
,0
,0
,1
,0
,0
,1
,0
,0
,0
,1
,1
,1
,1
,1
,1
,1
,1
list,1
,0
comedies,0
,1
,1
,0
,0
,1
,1
,1
,0
,0
,0
,0
,0
,0
,1
ambiguities,1
,0
,0
,0
,0
list,0
,1
,0
,0
,1
,0
,1
,0
,1
,1
,0
,0
,1
,1
,1
,1
,0
,1
list,0
,0
,0
,0
,0
,0
,1
,0
,1
,0
,1
,1
,0
,1
,1
,0
,1
,0
,0
,0
,0
,0
,0
,1
,0
,0
,0
successfully,1
,1
,0
,0
,1
,1
,0
,0
,0
,0
,1
,1
,1
,1
,1
,1
,1
,0
,0
,1
disgusted,0
,0
,0
,0
,0
,0
,1
comedies,0
,1
,1
,1
,1
,0
,1
,1
,0
,1
,1
,1
,0
,0
lex lex lex lex,0
,1
,1
,1
,0
,0
,0
,1
,1
,0
,1
,1
,0
,1
,0
,1
,1
,0
,1
,1
,1
,0
,0
comedies,1
comedies,1
,0
,1
,0
,1
,1
,0
,0
,1
,1
,0
,1
,1
,0
,0
,0
,0
,1
successfully comedies,1
,0
,0
,1
,0
,1
,0
,0
,0
,1
,0
,1
,1
lex,1
,0
,0
pursues,1
,1
,0
,1
vierde,1
,1
,1
,0
,1
,1
,1
,0
,0
,0
,0
,1
,1
,0
,0
,1
,0
,0
,0
,1
,0
,1
,0
,0
,0
,1
,1
,0
list,1
,0
comedies fluid,1
,0
,0
,0
,1
,1
,1
,1
,0
,1
,1
,1
,0
,0
,0
,0
,0
,0
,0
,0
,1
,0
,1
,1
,1
,0
,0
list,0
,1
,0
,0
,0
,0
,1
,0
,0
,0
,1
,1
,0
,1
,1
,1
,0
,0
selfimportance,0
,1
,0
,1
list,0
,1
,0
,0
,1
,0
,1
,1
,1
,0
,0
,1
,0
,0
,0
,0
,1
,0
,1
,1
,1
crowhaven,0
,1
,1
,0
,1
,0
,1
,0
,0
,1
,1
,0
,0
,1
,0
,0
,0
,1
,0
,1
,0
,0
,0
mismatched,0
,0
,0
,1
,1
,1
,1
,1
,1
,0
,1
,0
,1
,0
,0
,0
,0
,1
,0
,1
,0
,0
,0
,1
,1
,1
,0
,1
,0
,1
,0
,0
,0
,0
,1
,0
,1
,0
,0
,0
,0
,1
,0
,0
,1
,1
,1
,0
,0
,1
,1
,1
comedies,1
,0
,1
,0
,1
,0
,1
,1
list,0
,0
,1
,0
,1
,1
,0
,0
list,1
,0
,1
,0
,1
,1
,1
,0
,1
lex,1
,1
,0
,0
,0
,0
,1
,0
,1
,1
,0
,1
,0
,1
,0
,0
butterfly butterfly butterfly,1
successfully,0
,1
,1
,0
,0
,0
,1
,1
,0
,0
,0
,0
comedies,1
,1
,0
,1
,1
,1
comedies,0
,1
,0
,1
,0
,1
,1
successfully,1
,1
,1
,1
,0
,1
,1
,0
,0
,0
,1
,1
comedies,1
,0
,0
,1
,1
,1
,1
,1
fluid,1
,1
,1
,1
,1
,1
,0
,0
,1
,0
,1
,0
timemartins,1
,1
,0
,0
,1
,1
,1
,0
,0
,1
,1
,1
,1
,0
,1
,0
,0
,0
,0
,1
,1
,1
,0
,0
,0
,1
,1
,0
,0
,1
,0
,0
,0
,0
,0
,0
,1
,1
,1
,0
,1
,0
,1
,1
,0
,1
,1
,1
,0
,0
,1
,0
,0
list,1
,1
,1
,0
,1
,0
,1
,1
,0
,1
,0
,1
,1
,1
,0
,1
,0
,1
,0
disgusted,1
,1
,1
,1
chew,1
,1
,0
,1
,1
,0
,1
,1
,0
,0
,1
,1
,0
,0
,1
,0
,0
,0
,0
,0
,0
evoking,1
,1
willard,1
,1
,1
,1
,1
,0
,1
,1
,1
,0
,0
,1
,1
,0
,0
,1
,0
,0
,0
,1
,0
,0
,1
,1
,1
,0
,0
,0
,0
,1
,1
,0
,0
,1
,1
,1
,0
,0
,0
,1
,0
disgusted,1
,1
,0
,1
,0
,0
,0
,0
,0
,1
,1
,0
,0
,0
,1
,1
,0
,0
,1
,0
,0
,0
,0
,0
,1
,1
,0
,1
,1
,0
comedies,1
,0
comedies comedies,0
,0
,1
,0
,1
,0
,0
,1
,1
,1
,1
,0
,1
,0
,1
,1
affleck,0
,1
,0
,1
disgusted,0
,1
,1
,1
,0
,0
,1
,1
,1
,1
,0
list,0
,1
,0
,1
,0
,1
,1
comedies legalised comedies comedies,1
,0
,0
,1
,0
tenyearold,0
,1
,1
,1
,0
,1
,0
,1
,1
,1
,1
,1
,1
,1
,0
,0
,1
,0
,0
,1
,0
,1
,1
,0
,1
,1
,1
,0
,1
,1
,0
,0
,1
,0
,1
,1
,0
,1
,0
,1
,1
lex,1
,1
,1
,0
,1
,1
,1
list,1
,0
,1
,1
psychedelic,0
,1
,0
,1
,1
,0
,1
,1
list,1
,1
,1
,1
,0
,1
,0
,1
,0
,1
,0
,1
,1
,1
,0
,1
,0
,0
,0
,0
,0
,0
,0
,1
,0
,0
,1
,1
,1
,1
,1
,0
,1
,0
,0
,1
,1
,1
,1
,1
,0
,0
,0
,1
,1
,1
,1
,0
,0
,1
,0
,0
,1
list,0
,0
,0
,0
,0
,1
,0
,0
affleck affleck,0
,1
,1
,0
,0
,1
,1
,1
,1
,1
,1
,1
,1
,0
,1
,1
,0
,0
,1
,0
,1
,1
,0
,0
,1
,1
,1
,0
,1
,1
,1
,1
,0
,1
,1
,0
,1
,1
,1
,0
,0
,0
,0
,0
rereleased,1
,0
comedies comedies,1
,1
,0
,1
,1
,1
,0
,1
,0
,0
,0
,0
,1
,0
,0
,1
,1
,1
comedies,1
,1
,1
,0
,0
,1
,0
,0
,0
,1
,1
,1
,0
,1
,1
,0
,1
,1
,0
,0
,1
,1
,0
comedies,0
,1
,0
list beacon,1
,1
,1
chew,0
willard zombified,1
,1
,1
,1
,0
,0
,1
,0
,1
,1
,0
,1
,0
,0
,0
,0
,0
,1
,1
,1
,1
,0
,0
,1
,0
,0
,0
,1
,0
,1
,0
,0
,0
,1
,0
,1
,1
,0
,0
,1
,1
,1
,0
,0
,0
,0
,0
,1
,0
,1
,1
,0
,0
,1
,1
,1
,0
,1
list,0
,1
,0
,0
comedies,1
,1
,0
,0
,1
,1
comedies,0
,1
,0
,1
,0
,0
,0
,0
,0
,1
,0
,1
,0
,1
,1
,1
,0
,1
,1
,1
,0
,0
,0
,1
list,1
,1
,1
,0
,0
,0
,1
,1
comedies,1
,1
,0
,1
,1
,1
,0
,0
,1
,1
,1
comedies,1
list,1
breakthrough,1
,1
,0
,1
,1
,0
list successfully,0
,0
,0
,1
,0
,1
,1
,0
,0
,1
,1
,0
,1
,1
successfully,0
,1
,0
,0
,0
,1
,1
,1
rereleased,1
,1
,0
,1
,0
,0
,1
list list,0
,0
,0
,1
,0
,0
,1
,1
,1
,1
comedies,1
,1
impressivethat,0
,0
,1
,1
,1
,0
,0
,1
,0
,0
,0
,1
,0
,1
,0
,0
,1
,1
,1
comedies,1
,1
,0
,1
,0
successfully,0
,1
,0
,1
,0
,1
,0
,1
,1
,1
,1
,0
,0
,1
,1
,1
,1
,0
,0
,1
,0
,1
,1
,1
,1
,1
,0
,0
,1
,0
,0
,0
,1
,1
,1
,0
,1
,0
,0
,0
,0
testicles,0
,1
,0
,0
,1
,0
,0
,0
,1
,1
,1
,0
,1
,0
,1
,1
,1
,0
successfully,0
,1
,1
,1
,0
,0
,0
,1
,1
beginningnot,0
,0
,1
,1
,0
,1
,1
,1
,1
chew,1
,0
,0
,1
,0
,1
,0
list,0
,0
,0
,1
,0
,1
,0
,1
,1
,0
,1
breakthrough,1
,1
,0
,1
,1
,1
,0
list,1
,1
successfully,1
,1
,0
,0
,1
,0
,1
,0
successfully,0
,1
,0
list,0
list,0
,1
,0
,1
,1
,1
,0
,1
,0
,0
,0
,1
,1
,1
,0
list successfully,1
,1
,1
,0
,0
,1
,1
,0
,0
,1
,1
,0
,1
,1
,1
,0
,0
,1
,1
,0
,1
,1
,0
,1
,1
,1
,0
,0
,1
,1
,1
,1
,0
,1
,1
,0
,0
,1
,0
,0
,0
,1
,1
comedies,1
,1
,1
,0
,0
,1
,0
,0
,0
,1
,0
,1
,0
,0
,1
,1
,1
,0
,1
,0
,0
,0
,0
,0
,1
,1
,1
,1
,1
,0
,0
,0
,0
,0
,0
,0
,0
,1
,1
,1
,1
,1
,0
,1
,1
,1
,0
,1
,1
,1
,1
,0
list,0
,1
,1
,1
,0
,0
,0
,1
,0
,1
,0
,1
,0
comedies,1
,0
,0
,1
haiku,0
,1
,0
,1
,1
,1
lex,1
,1
,0
2pac 2pac 2pac 2pac 2pac,0
,1
list,0
,0
,0
,0
,0
,1
,1
,1
,0
,0
,0
,0
list,0
,0
,1
,0
,1
,0
,1
,1
list,1
,0
,1
,1
,0
,1
,0
,1
,0
,1
comedies,0
,0
,1
,1
,1
,1
,0
,0
,1
,1
,1
,1
,1
,1
,1
,1
,1
,0
,1
,0
,0
,0
,1
,0
,0
,1
,0
,1
,0
,1
,1
successfully,0
,1
,1
,1
,0
,1
successfully successfully,1
,0
,0
,1
,1
,1
,1
,0
,1
,0
,1
,1
successfully,0
,0
,0
,0
,1
,1
,0
,1
funny12,1
successfully,1
,0
,0
,1
,1
,1
,0
,1
,1
,0
,1
,0
,1
,0
,1
,0
,0
,0
,0
,1
,1
,0
,1
,1
,1
,0
,0
,0
,1
,1
,0
,0
,0
,0
fluid,1
,0
,1
,1
,1
,1
,1
,1
,1
,0
,1
list,0
,1
,0
,0
,0
,0
,1
,0
,1
,1
,1
,0
,1
,0
,0
,0
,1
,0
,0
,0
,0
,0
doyleluver,1
,1
,1
,1
comedies,0
,1
,0
,0
,0
,1
,0
,0
,1
,0
,1
,0
,1
,0
kneecapsother,0
,0
,1
,1
,0
,1
,1
,0
,1
,0
,0
,1
,0
,0
,0
,1
,0
,1
,1
,0
,0
,1
,0
,1
,0
successfully,1
list,1
,0
,0
,1
,1
,0
,0
,1
,1
,0
,1
,1
,0
,1
,0
,1
,0
mismatched,1
butterfly,1
,0
,0
,1
,1
,1
,0
,1
,0
,0
,1
,1
,1
comedies,1
,1
,1
,0
,0
,0
,1
,1
,0
,1
,1
,1
,0
,1
,1
,0
,1
,0
,1
,0
,0
,0
,1
,1
,0
,0
,1
,0
,0
,1
,0
,1
,0
,0
lex,1
,1
,1
,1
,1
,0
comedies comedies,1
,0
,0
,0
,1
,1
,1
,1
,0
,0
,0
vagina,0
,0
,1
,1
list,1
,0
,0
,1
,0
,0
,1
,1
,0
,0
,1
fluid,0
,1
,1
,1
,0
,0
,0
,1
,1
evoking,1
,0
,0
,0
,0
,1
comedies,1
,0
,1
,0
,0
,1
,1
comedies,1
,1
,1
,0
successfully,1
,0
,0
,1
pursues,0
,0
,0
,0
,1
,0
,0
,1
,1
,0
,1
,0
,0
,0
,1
,1
,0
,1
,1
,0
,1
,0
,1
,1
vierde vierde,1
,1
,1
,1
,1
,0
,0
,1
,1
,1
,1
,1
,1
,0
,0
,1
,0
,1
,1
,0
,0
,0
list,1
,1
,1
,1
disgusted,0
,1
list,0
,0
,1
,0
,1
,1
,1
,1
,1
,0
,0
,1
,0
,1
,1
,0
,1
,0
,0
,1
workingthe,1
,1
,0
,1
,1
,1
,1
,1
,0
,0
affleck,0
,0
list,0
,0
,1
,0
,1
,1
,0
,1
,0
,1
,0
,0
,1
,1
,1
,1
,1
,0
,0
,1
breakthrough,0
,1
,1
,1
,1
,0
,1
list,0
,0
,1
,0
,1
comedies,1
patting,1
,1
,1
,0
,0
,1
,0
,0
,0
,0
,0
comedies,0
,1
mismatched,0
,0
,1
,1
,1
,0
,0
successfully,0
,0
,0
,1
,1
,1
,1
,1
,1
,1
,0
ambiguities,1
,1
list,1
disgusted,0
,0
,0
,0
,0
list,1
,0
list,1
,0
,0
,0
,0
,0
,0
successfully,0
,1
,1
,0
,0
,1
,0
,1
,1
,1
,0
,1
,0
,0
,1
,0
,0
,0
,1
,1
,1
,1
,0
,0
,1
,1
,0
,0
,1
,0
,0
,1
,1
,1
,0
,1
,1
list,0
disgusted,1
,0
,0
,0
,0
,1
nahhh psychedelic,0
blackjack,0
,1
sundance,1
,0
,1
,0
,0
,1
list,0
,1
,0
,0
,0
,0
,1
,0
,0
,0
,0
,0
,1
,1
,1
,0
,0
,1
comedies,1
,0
,0
,0
,0
,0
,1
,0
,0
,0
,1
,0
,1
,0
,0
,1
,0
,0
,1
,1
,1
,0
,0
,1
,0
,1
,1
,1
,0
,1
,0
,1
,1
,0
,1
,1
,1
didactic,1
,0
,0
,1
,0
,1
,1
,1
,1
,1
,0
,0
,1
,1
,1
,1
,1
,0
,1
,0
,0
,1
,0
,0
,1
,0
,1
list willard,1
,0
,1
,1
,1
,1
,0
comedies list,0
,1
,0
,0
beacon,1
,0
,0
,1
,0
,1
,1
,0
,0
,0
,1
,0
,0
,0
,1
,0
,1
,0
,1
,1
,1
,1
,0
,1
,0
,1
successfully,0
,1
,0
,1
,1
,1
youngster,1
,1
,1
,1
,1
,0
,0
,1
,1
,0
,1
,1
,1
,1
,1
,1
,0
,0
,1
,1
,1
,0
,1
,1
,0
,1
,1
,1
,0
,0
,1
,1
,0
,1
comedies,0
,1
,0
,1
,0
,0
,0
,1
,1
,1
,0
,1
,0
,1
,0
,0
,0
,0
,1
,1
,0
,1
,1
,1
,0
,0
,1
,1
,0
,0
,1
,1
,1
,1
,1
,1
,0
,1
,0
,0
,1
,0
,1
,1
,1
,1
,1
,0
,0
,1
,0
,1
,0
,1
list,0
,1
list,0
,0
,0
,1
,1
,1
,1
,1
,0
,0
,0
laboratory,1
,1
,0
,1
,0
,1
,1
,0
,0
,1
,0
,1
handicap,0
,1
,1
,1
,0
,1
,1
,0
,0
,0
,0
,0
,0
,0
,1
,0
,1
,1
,1
,1
,1
,0
,1
,0
,1
,1
,1
,0
,1
,1
,0
,0
,1
,0
,0
willard,0
,0
,0
,1
list,1
,0
,1
,1
,0
,1
,1
,1
,0
,1
,1
,0
,1
vierde vierde,1
,0
,1
,0
,0
,1
,1
,0
,0
,1
comedies,0
,1
,0
,0
,1
,1
,0
,1
,1
,0
,1
,1
,1
,1
,0
,0
,1
,0
,0
,0
,1
,1
,1
,0
,0
,1
,0
,0
,1
,1
,0
imbalanced,0
,1
,1
,0
,1
,0
,1
,0
,0
list,1
,1
,0
,1
,1
,0
,1
,0
,0
,1
mismatched,1
,0
,1
,1
,1
,0
,1
,0
,0
,1
,0
,0
,0
,0
,0
,1
,1
,1
,1
breakthrough successfully,1
,0
,1
,1
,1
,1
,0
,1
list,1
,0
,1
,1
,0
,0
,1
anew,1
,1
,1
,1
,1
,0
,0
,1
,1
,1
,0
comedies,0
,0
,1
,1
,0
,1
,1
,1
,1
,1
,0
,1
,1
,1
,0
,1
,0
,1
,0
,1
,0
,1
,1
,1
,1
,1
,1
,0
,1
,1
,0
,0
,1
,0
,0
,1
,0
,0
,0
,0
,1
,0
,1
,0
,0
,0
,1
,1
,1
,1
,0
,0
,1
,1
,1
,0
,1
,1
,1
,1
,0
,0
,0
,0
,0
,0
,0
successfully,1
,0
,1
,1
,0
,1
,0
,0
,1
,0
,0
,1
,0
,1
,1
,1
,1
,1
,0
,0
,1
,1
,1
,0
,0
,1
,1
,1
,1
,0
,0
,1
,1
,1
,0
afellini,1
,1
,1
,1
,0
,1
,1
,1
,1
,1
,0
,0
,1
,1
,0
comedies,0
beacon,0
,0
,1
,0
successfully,0
,1
,1
,0
,1
,1
,1
,1
,0
,0
,0
,1
,0
,0
,0
,1
,0
,1
,0
list,1
,1
,1
,1
breakthrough,0
,1
handicap,1
,1
,1
,1
,0
,0
,1
,1
,0
,1
,0
,1
,1
,1
,1
,1
,0
,1
,1
,1
,1
,0
,0
,0
,1
,1
,1
,1
,1
,1
list,0
,1
,0
,0
,0
list,1
,0
,0
,0
,0
,1
,1
,0
,1
,1
,1
,0
,1
,0
,1
,0
,0
,1
,1
,0
,1
,0
,0
,0
,0
,1
,0
,1
,1
,1
,0
,0
,1
,1
,0
,1
,1
,0
comedies,1
,0
,1
,0
,0
,0
disgusted,1
,1
,1
,1
,0
,0
,0
,0
,0
,0
,0
,1
disgusted,0
,0
successfully,1
,1
,0
,0
sundance,0
,0
,0
,1
successfully,1
,0
,0
,1
,0
,0
,0
,1
,1
,1
,1
,0
,0
,0
,0
,1
,1
,1
,1
,1
,0
,0
,1
,1
,1
,1
,1
,1
,1
,0
,1
,0
,0
,1
,1
,0
,0
list,1
,0
,1
,0
,1
,1
,0
,0
,1
,0
,0
,0
,1
,0
,0
,0
,1
,1
,0
,1
,0
,1
,1
,0
,1
,1
,0
,0
,0
,1
,0
,1
,0
,0
,1
,0
,0
,1
,1
,0
,0
,0
,0
,1
,1
,0
,0
,0
,1
,0
,0
,1
,1
,1
,0
,1
,1
,1
,0
,0
,1
,0
,1
list list list list,0
,0
,1
,1
,1
,1
,0
,1
,1
,0
,0
,0
,1
,0
,0
,1
,1
,0
,0
,1
,0
,0
,1
,1
,1
,1
,1
,0
,1
,1
,1
,1
fluid,0
,1
,1
momentultimately,0
,1
,1
,0
,0
,0
,0
,0
,1
,1
,1
,1
affleck evoking,0
,0
list list,0
,0
,0
comedies,1
,0
,1
,1
,0
,1
,1
,0
,0
,0
,0
,0
,0
didactic,1
sundance,0
,0
,1
comedies,0
,1
,0
,1
,0
,0
,0
,1
,1
,0
glories,1
,1
,1
,0
,0
,1
,1
,1
,0
,0
,0
,1
,1
,1
,0
,1
vierde vierde,1
,1
,0
,0
,0
,1
,1
,1
,1
,1
,1
,1
,1
,1
,1
,1
,1
,0
,1
,0
,1
,0
,0
,1
,1
,0
,1
,0
,0
,0
,0
,1
,0
,0
,0
,0
,1
,0
,1
,0
,1
,1
,0
,0
,0
cantics,1
,1
,1
,1
,1
,1
,0
,0
willard laboratory laboratory,0
,0
list,0
,1
,0
,0
,0
,1
,1
youngster,0
,0
,0
,0
,0
,0
,0
,1
,1
,0
,0
,1
,1
,1
list,0
,0
,0
,1
,0
,1
,0
,1
,0
,0
,0
,0
,0
,1
,1
,1
,1
,1
,0
,1
,0
successfully,0
,0
,1
,0
,0
,0
,0
,0
,1
list,0
,0
list,1
,0
,0
,1
,0
,1
,0
,0
,0
,0
,1
,1
,1
,1
,0
,1
,1
,0
laboratory,1
breakthrough,1
,0
,0
comedies,1
,0
,0
,1
uturn,0
,1
,0
,1
,0
,1
,0
,0
,1
,1
,0
,0
,1
,0
,1
,0
,0
,0
,0
,0
,0
,1
,0
,0
,1
,0
,1
,1
,1
,1
,0
,1
wikipedia,0
,0
,0
,1
,1
,0
,1
,0
,1
,0
,0
,1
,1
comedies,1
,0
,1
,1
,1
,1
,1
,0
,0
,0
,1
,1
,0
,1
,1
,1
,0
,1
,0
,0
,1
,1
,0
,1
,1
,0
,0
,0
,1
,0
,1
,0
,0
,1
,1
,1
,1
,1
,0
,1
,1
,0
,0
,0
,1
,0
,1
streeps,0
,0
,0
,1
visionaries,0
,1
,0
,1
,1
,0
included1,0
,0
,0
,0
,1
list,1
disgusted,1
,1
,0
,0
,1
,0
,1
,1
comedies,0
,0
,1
,0
comedies,0
,0
,0
,1
,0
lex lex,1
,0
,1
,0
,1
,1
,1
,0
,0
,1
,0
,1
,0
,1
,0
,0
,1
,0
,1
,1
,1
,1
,1
,0
,0
,0
,0
list,0
fluid fluid,1
,0
,1
,1
,1
,0
,0
,0
,1
list list,1
comedies,0
,0
,0
,0
,1
,0
,0
,1
,1
,0
,0
,1
list,1
,1
,1
,1
,0
,0
,0
,1
,0
list,1
,0
,1
,1
,1
,0
,1
,1
,1
,1
,1
,1
,0
comedies mismatched,1
,1
,0
,0
,0
,1
,1
,1
,0
,1
,0
,0
,0
,1
,0
,1
,1
yousef,1
,0
successfully,0
,0
,0
,1
,1
psychedelic,0
,1
,0
,0
willard,0
,0
,0
,1
,0
,0
,1
,0
,1
,1
,1
,1
,0
,1
,0
,0
,0
,1
,0
,0
,1
affleck affleck affleck list,0
,1
,0
,0
,0
,0
,0
,0
list,1
,0
,0
,1
,0
,1
,1
,1
,1
,0
,1
,0
,0
list,1
,0
,0
,1
,0
chew,0
,0
,1
,0
,0
,0
,1
,1
,1
,1
sundance,0
comedies,0
,0
,0
,0
,1
,1
,0
,1
,1
list,0
,1
,1
,0
,0
,0
,1
,0
,1
,1
disgusted,0
,1
,1
medically,1
,0
,0
,0
,0
,0
,0
,0
,1
,1
,0
,0
,1
,1
,1
,1
comedies comedies,0
,0
,1
,0
,0
,0
,1
,0
,1
,1
,0
,0
,0
,1
,0
,0
,0
,0
affleck comedies,1
,0
,0
,0
,0
,0
cajole,0
,0
,1
,1
,0
,0
wikipedia,1
,0
,1
,1
,1
,1
,0
,1
,1
,1
,0
,1
,0
,0
comedies,0
,0
,0
,1
,1
,1
,1
,0
,0
,1
,0
,1
,1
,1
,0
,0
,0
,0
,1
,1
,0
,1
,0
,1
,0
,0
list,0
,0
,0
,1
,0
,0
,0
,0
,0
,1
,0
,1
,1
disgusted,1
,1
,0
,1
,1
,1
,0
,0
,1
,1
,1
,0
,1
,0
,0
,0
,1
,1
,0
psychedelic,0
,0
,0
,0
list,0
blackjack,0
,0
,1
,0
,0
,1
,1
,0
,0
,0
,0
,0
,0
,0
,0
,1
,1
,1
,1
,0
,0
,0
,0
,0
,0
,0
,1
,0
,1
,1
,0
comedies comedies,1
,0
,0
,0
,1
,1
,1
,0
,1
,0
,1
,1
,0
,1
,1
,0
,0
,0
,0
,0
,0
,1
,1
,1
,0
,1
,1
,1
,1
,1
,1
,1
,1
,0
list,1
,1
,1
,0
fluid,1
,1
,0
,0
,1
,0
,0
,0
,1
,1
,0
comedies comedies,1
,0
,1
,0
,1
,0
,1
,0
,0
,1
,1
,0
,1
,0
,0
,0
,0
,1
,0
,1
,0
,0
,1
,0
,0
,0
,0
,1
,0
,0
,0
,0
,0
,1
,0
,0
,0
,1
,1
,0
,0
,0
,1
,1
,1
,0
,1
,0
,0
,1
,1
,0
,1
,1
,1
comedies,1
,0
,1
,0
,0
,0
,0
psychedelic,0
,1
,1
,0
,1
,0
,1
,1
,1
,0
,0
,0
,0
,1
,1
,0
,0
,0
,0
,0
,1
,1
,0
,0
,0
,1
,1
,0
,1
,0
,1
,0
,0
,0
,1
,0
,1
,0
,0
,1
,1
,1
,0
,1
,0
,1
,0
,0
,0
,0
,0
,1
,1
,0
,1
,1
,1
,0
,0
,0
,0
,0
,0
,1
,1
,1
,1
,0
,1
,0
,1
,1
,1
,0
,1
,0
,1
,1
list,0
,0
,1
,0
willard,0
filmwhat list,1
,1
,0
,1
,0
,1
disgusted,0
,1
,1
,0
successfully,0
,0
,0
,1
,0
,0
list,0
,1
cajole,0
,0
,1
,0
,1
,1
comedies,0
,0
,1
,1
,0
,1
,1
,0
,1
,0
,1
,1
,1
,0
,1
,1
,0
,0
,1
,0
,1
,1
,0
,1
,1
,1
,0
,0
,1
,0
,1
,0
,1
,0
,1
,1
,0
,1
,1
badlater,0
,1
,0
,1
,1
,0
,1
,1
,1
,0
,1
,0
,1
,0
list,0
,0
,1
,0
,1
,1
,0
,1
,0
,1
,1
,1
,0
,1
,1
,0
,0
,0
,1
,1
,1
comedies,0
,1
,0
,0
,1
affleck,0
,0
,0
,1
,1
,1
,0
,1
,0
list list,1
,0
,0
,0
,0
,0
,1
,0
,1
butterfly,0
sundance,1
,1
,1
,0
,0
,1
,0
,0
,1
,0
,1
,1
,0
,0
,0
,0
,0
,1
,0
,0
databanks,1
,0
,0
,1
,1
,0
,1
lex,1
,1
,0
,0
,0
,0
,1
,0
,1
,1
,1
comedies,0
,1
,0
,1
,0
,0
,1
,1
,0
list,1
,1
,0
patting,0
,1
,0
,0
,1
,1
,1
,0
list,1
,1
,0
,1
,1
,0
,0
,0
,0
,1
,0
,1
,1
lex,1
,0
,1
list,1
psychedelic,0
,0
,1
,1
,1
,0
,1
,1
,1
,0
,0
,0
,1
,1
,1
,0
,0
,0
,1
,1
,0
,0
,0
,0
,0
,0
,1
,0
,1
,1
,0
,0
,0
,0
,0
,1
,0
,0
,0
,1
,0
,1
,1
,0
,0
,0
,1
,1
,1
,1
,0
,0
,0
,1
,0
,1
,1
,1
,1
,1
,1
,1
,0
,1
filmwhat,1
,1
,0
,1
,1
,1
,1
,1
list,1
,1
,1
,0
,0
,0
,1
comedies,1
,0
,0
,1
,0
,0
,1
,0
,1
,0
,1
,0
,0
mismatched,1
,0
,1
,1
,0
,0
,0
,0
,0
wikipedia,1
,0
,1
,0
,0
,1
,0
,1
,1
,1
,0
,0
,0
showthis,1
,1
,0
,0
,0
,0
,1
,0
,1
,1
,0
,0
,1
,1
,0
,1
,1
,0
,1
,1
,0
,1
,1
,1
,0
,0
,0
,0
,0
yorki,1
,1
,1
,1
,1
,1
,1
lex,0
,1
,1
,1
,0
,0
,1
,0
,1
,1
,1
,0
,0
,0
,1
,0
,1
,1
,1
,0
rereleased,0
,1
,0
willard willard comedies,1
,0
,0
,0
,0
,1
,0
,0
,1
,0
,1
,0
,0
,1
,1
,0
,0
,0
,1
,0
,0
,0
,0
affleck,0
,0
,1
,1
,0
,0
,0
,0
,0
,1
,0
,1
,1
,0
,1
,1
,1
,1
,0
,1
,0
,1
list,1
,1
,0
,1
,0
,0
,1
,1
list,1
,1
,0
,0
,0
,1
,1
,0
,0
comedies,1
,1
,1
,1
,1
,0
,0
,0
,0
,0
,1
,1
list,1
,1
,1
,0
,0
evoking,1
,0
,0
,1
,0
,0
,1
evoking,1
,0
,1
,0
,0
,0
,1
,1
,0
,1
,1
,1
,0
,1
,1
,1
,1
,0
,1
,1
,1
,1
,0
,0
,1
,0
unmerciful,1
,0
,1
,0
list,0
,1
,1
,0
,0
,1
,0
,0
,0
,1
,0
,0
,1
,1
,0
,1
,0
list,1
,1
,0
,1
,0
,1
,1
,1
,0
,1
,0
,1
,0
,0
,0
,1
,1
,1
butterfly butterfly,1
,1
list,0
,0
beacon,0
,1
,0
,0
,0
,0
,0
,0
,0
,0
,1
willard,1
,1
,0
,0
,1
,1
list,0
,0
,0
,1
,1
,0
,0
,0
,0
,0
,0
,0
,0
,1
,1
,1
,0
,0
,0
,1
,0
,1
,1
,0
,1
,1
,1
,0
,0
,1
,1
,0
,1
,0
,0
,1
,1
,0
,0
,0
,1
,0
,1
,0
,1
,0
,1
,1
,0
,1
,0
,1
,1
,1
,1
,0
list,1
,0
pursues,1
,0
,1
chew chew,0
,1
,0
,1
,1
,0
,1
,1
,1
,0
,1
,1
,0
,1
,0
,0
,1
,1
,0
,0
,0
,1
,1
,1
,1
,0
,1
,1
,0
,0
,1
,0
,1
,1
,1
,1
,0
,0
,1
,1
,1
,1
,1
,1
,0
,0
,0
,1
,1
,1
,0
,0
,0
,1
,1
,0
,1
,1
,0
,0
,0
,0
,0
,0
,1
,1
,1
,0
,0
willard,1
,0
,1
,1
,0
,0
,0
,1
,0
,1
,0
,0
,1
comedies,0
laboratory,0
successfully,1
,0
,0
,1
,1
,0
,0
,1
,1
,1
,1
,1
,0
,0
,0
,1
,0
,1
,1
,0
,1
,0
,0
,0
,0
,0
,1
,0
successfully,1
,0
,1
,1
,1
,1
,0
,0
,0
,0
,1
,1
,0
,0
,0
,1
,1
,0
,0
,0
,1
,1
,0
,0
,1
,0
comedies,0
,0
,1
,1
,0
,1
,1
,0
disgusted,0
,1
,0
lex,0
,0
,1
,0
,1
,0
,1
,0
,0
,1
,0
,0
,0
list,0
,0
,1
,1
,1
,1
,0
,0
,0
fluid evoking,1
,1
,1
,0
,1
,1
,0
,1
,1
,1
,1
,0
,1
,0
,1
,1
,1
,1
,0
,1
,0
,1
,0
,1
,0
,0
,0
,1
,0
psychedelic,1
comedies,1
,1
,0
,1
,1
,0
,1
,1
,1
,0
,0
,1
butterfly affleck,0
,0
,1
,0
,1
,0
,1
,1
,0
,1
,0
,0
,0
,0
,1
,0
,1
,1
,0
,0
,0
,0
,1
,1
successfully,0
,1
,1
,1
,1
,1
,0
,1
,1
,0
,1
,1
,1
,1
,1
,1
,0
,0
disgusted,0
,1
,1
,0
,0
,0
,0
,0
,0
,0
,1
,0
,1
,1
laboratory list,0
comedies comedies,0
chew,0
,0
,0
,1
,0
,1
,0
,0
streeps,1
,1
,1
,0
,0
,0
,1
,1
,1
,0
,1
,0
disgusted,0
,1
,0
,0
,1
,1
,1
,1
,1
,0
,1
,0
,1
,0
,0
,0
,1
,1
,0
,1
,1
,0
,0
,0
,1
,0
,1
,0
,0
,1
,0
,0
,0
,1
,0
,1
,1
,1
,1
,0
,0
,0
fluid,1
,0
,0
,1
,1
,0
fluid,0
,1
,1
,0
,0
,0
,1
,1
,0
,0
,0
,0
,1
,0
,0
,0
,1
,1
fluid,1
,1
,0
,0
,0
,1
,1
laboratory,1
,1
,1
,1
,1
,0
,0
,1
comedies comedies comedies,1
,0
hazlehurst1010,1
,0
,1
,0
,1
,1
,1
,0
,0
,1
,0
,0
,0
,0
,1
,0
,0
,0
,0
,0
,0
,0
,1
comedies,1
,1
,1
,1
,1
,1
successfully,1
visionaries guyhis,1
comedies,1
,0
,0
,0
,1
,0
,0
,1
,1
,1
,1
,1
,0
,0
,0
,1
,1
mauri,1
,1
youngster,1
,1
,0
,0
,1
,1
,1
,0
,0
,0
,0
list,0
denizens,0
,0
,1
,1
,1
,0
,0
,1
,1
,1
,0
,1
,1
,0
,1
,1
,1
,0
,0
,1
,0
,1
,1
,0
,0
,0
,1
,0
pursues,1
,1
,1
,0
,1
comedies,0
,0
,0
,0
,0
,0
,0
,1
,0
comedies,1
,0
,1
,1
,0
,1
,1
,1
,0
pursues,1
,1
,1
,1
,0
,1
,0
,0
,0
,0
,1
,1
,0
,0
,0
,0
,0
,1
,0
,0
,0
,0
,0
,1
,0
,1
,1
,1
,1
,1
,0
,1
,0
,1
,0
,1
,1
,1
,1
,0
,1
,0
,1
,0
,0
,1
,0
,1
,1
,0
,0
,1
,0
,0
,1
,1
,1
comedies,0
,0
,1
,0
,0
,0
,1
,1
,1
,1
,0
rereleased,1
,0
,1
,1
,1
,1
,1
,1
,1
,0
,0
,1
,0
,0
,1
,1
,0
,0
,0
,1
,1
,0
,0
,1
,1
,0
,1
,0
,0
,0
,1
,1
,0
,1
,0
,0
,0
,1
,0
,0
,1
,1
,0
,1
,1
,0
,1
,1
,1
,0
,1
successfully,1
,0
,1
,1
,1
,0
,1
,0
,1
,1
,0
,0
,1
,1
chew,1
,1
comedies,1
,1
,1
,1
,0
,0
,1
,0
,0
,0
,0
,0
,1
,1
,0
,0
,0
,1
,0
,0
,1
,0
,1
,1
,1
,1
,1
,1
,0
,0
,1
glories psychedelic,1
,1
,0
,1
,1
,0
,1
,0
,1
,0
,0
evoking,1
successfully,1
,1
,0
,1
,1
,0
,0
,1
,1
,0
,1
list,0
,1
,0
,0
,1
,1
,0
,1
,0
,0
,0
,1
,1
,0
,1
,1
,0
,1
,0
,0
,1
,1
,1
,1
,0
,0
,1
,0
,0
,1
,0
,0
,1
,0
,1
,1
,1
psychedelic,1
,1
,0
,1
,0
,1
,0
,1
,1
,1
,0
,1
sundance,0
,1
,1
,0
,0
,0
,0
,0
,0
,0
,0
,0
,0
,1
,1
,0
,0
,1
,0
,1
,0
,1
,1
,0
,0
,1
,1
,0
,1
,0
,0
,1
,0
,1
,1
,0
,1
,1
,1
,1
testicles,1
,0
,1
,0
,0
,0
,0
,1
,0
,0
,1
,0
timeespecially,0
,1
psychedelic,0
,1
,1
,0
,1
,1
,1
,1
,1
,0
,1
,0
lex,1
,0
,1
,1
,0
,0
,1
,1
,1
,0
,0
,0
,1
,1
,0
,0
,0
,0
list,1
,1
,1
,1
,1
,1
,0
,1
,0
,1
,1
,0
,0
,1
,0
,0
,1
,0
,0
sundance,1
,0
yousef,1
,1
list,1
,1
,0
,1
,1
,0
,0
,0
list,1
,0
,1
,0
,1
,1
,0
,1
,0
,1
comedies,1
,0
,1
,1
,1
,0
,0
,1
,0
,1
,1
,0
,0
,1
,0
,1
,0
,0
,1
,1
,0
list list,0
,0
,0
,0
,1
,0
,1
,1
,0
,0
,1
,0
,0
,0
,0
,0
,0
,0
,0
,0
,0
,1
,1
,1
,0
,0
,0
,0
list,0
,0
,0
,0
,0
,0
list,1
,1
,0
,0
,1
,1
,0
,0
,0
,0
,0
,1
,0
willard comedies,1
,1
comedies,1
,1
,1
,0
,1
,0
,1
,1
,1
,0
,0
,0
,0
,0
,0
,1
,0
list rigets,1
youngster,0
list,0
,0
,1
,0
,0
list,1
,0
,0
,1
,0
,1
,0
,0
,1
,0
,1
,1
,0
,0
,1
,1
,1
,0
,0
,0
,1
,1
,1
,0
,1
,1
,0
,1
,0
,0
,1
,0
,1
,0
,1
,1
,0
,1
,0
,1
list,0
,0
,1
,0
,1
,1
,0
,1
,0
,0
,0
ambiguities,0
list,0
,1
,0
,1
,0
,1
,0
,1
,1
,1
,1
,1
,1
,1
,1
,1
,1
,1
,0
,1
,1
,0
,0
,0
,1
,1
,0
,1
,0
,0
,1
,1
,0
,1
lex lex,0
,1
,0
,0
,1
,1
,0
,1
,0
,1
,1
,1
psychedelic,1
,0
,1
,0
,1
,1
,0
,1
,1
,0
,0
,1
,0
,0
list list list list,1
,1
,1
,1
,1
,0
,1
,0
,0
,1
,1
,0
,1
,0
,1
,0
,1
vagina,0
,0
,0
,0
,0
,1
,1
,0
,1
,0
,1
,0
,1
,1
,0
,0
,1
,1
,0
,1
list,1
,1
,0
,0
,1
,1
,0
,1
,0
,0
,0
,1
,1
,0
,0
,1
,0
,0
,0
,1
,0
,1
,1
,1
,0
,0
,1
,1
,0
comedies,1
,0
,0
,1
,0
,0
,0
,0
,0
,0
,1
basementmakes,0
,0
,0
,0
,0
,1
sundance sundance sundance,0
,0
,0
,1
,1
,0
,1
,0
,0
,1
,1
,0
,1
,1
,1
,1
,1
,0
,1
,0
,1
,1
,0
,0
,1
,0
,1
,0
,0
successfully,0
,1
,0
,0
,1
,1
,1
,0
,1
,1
,1
,0
,0
,0
,0
,1
,1
,0
,1
,1
,0
sundance sundance,0
,1
,1
,1
,1
,0
,1
,0
,0
comedies,0
,1
,0
,0
,0
,0
antipsychotic,0
,1
,1
,1
,1
,0
,1
,0
,1
,1
,0
,1
,1
,0
,1
,1
,0
,1
,1
,1
,1
,0
,0
,0
list,1
,1
,0
,0
,0
,1
,0
,1
,0
,1
,0
willard comedies,0
,0
,0
,0
,1
,0
,1
,0
,1
,1
,0
,1
,1
,0
,1
,1
,1
,0
,0
,0
,0
,0
comedies comedies,1
,1
,0
,0
,1
,0
,1
,1
,0
,1
,0
,1
,0
comedies,1
,0
,1
,1
,1
,0
,0
,0
,0
,1
,1
,1
,1
,0
,0
,0
,0
,1
,0
,1
,1
,1
,0
,1
,0
,0
,0
,1
,0
,0
,0
,1
,1
,1
,1
list,0
,1
,0
,0
,0
,1
,0
,0
,1
,0
,1
,0
,0
,1
,0
,1
,0
,0
,1
,1
,1
,0
,1
,0
,1
,1
,0
,1
,0
,1
,1
,0
,1
,1
pursues,1
,0
,1
,1
,0
,0
,1
,0
,0
,1
,0
,1
,0
psychedelic,0
,0
,0
,0
,0
,1
,0
,0
,1
,1
,0
,0
,0
,0
,1
,0
,0
,0
,0
,0
,1
,1
,1
,1
,0
,0
,1
,0
,1
,1
,1
,1
,0
,1
,1
,0
,1
,0
,0
,1
,0
,1
,1
,0
,0
,1
,1
,1
,0
,0
,1
,1
,0
,0
,1
,0
,1
,0
,1
,1
,1
,0
,1
,0
,1
,1
list list,0
,0
,0
,0
,1
,0
,1
,0
,1
,0
,0
,0
list,0
,0
comedies,0
,0
,1
,0
,1
,0
,0
,1
,1
,0
,1
,1
,0
,0
,1
,0
,1
,0
,1
,1
,1
comedies,1
,1
,0
,1
,1
,1
,1
,0
,1
,0
,0
,0
,1
,0
,0
,1
,0
,1
,0
,0
,1
,1
,0
,1
,0
,1
,0
,1
,1
,0
,0
,0
,1
,0
,1
,1
,0
,1
,1
,1
,1
,0
,0
,1
,0
,1
,0
,1
,0
,1
,1
,0
,1
,0
list list,0
,1
successfully,1
,1
,0
,1
effectsthe,0
,0
,0
,0
comedies,1
,1
,0
,0
,0
,1
,0
,1
,0
,1
,1
,0
,1
,1
,0
,0
,0
,1
,1
,0
,1
,0
,1
,1
,1
,1
,1
,0
,1
,0
,0
,1
sharesounds,1
,1
,0
,1
,1
,1
laboratory,0
,1
,0
,1
,1
,1
,0
breakthrough,0
,0
,0
,1
,0
,1
,1
,1
,0
,0
,1
,1
,1
successfully,1
,0
,0
,0
comedies,1
,0
,1
,1
,1
,0
,1
,1
,0
,1
,0
,1
,1
,1
,0
,1
,0
,1
,1
,1
,1
,0
,1
,1
,0
,0
,1
,0
,0
,0
,1
,1
,1
,1
,0
,0
comedies comedies,1
,0
,1
,1
,0
list,1
,0
comedies,0
,1
,0
,1
,1
,0
,0
,1
,1
,1
,1
,0
,0
,1
,1
,1
,0
,1
,1
,1
,0
,1
,1
,1
,0
,1
,1
,0
,1
,0
,1
,1
laboratory,1
,0
,1
,0
,0
,0
,1
,0
,1
,1
,0
,0
,0
,1
,1
,1
,0
,0
,1
,0
list,0
,1
,1
,0
,0
,1
,0
,0
,1
,0
,1
,0
,1
,1
,0
,0
,0
,1
,1
,0
,1
,1
,0
,1
list,0
,0
,0
,1
,1
,0
,1
list,0
sundance,0
,1
,0
,0
,1
,0
,1
,1
,1
,1
,0
,0
,0
,1
comedies comedies comedies,1
,0
,0
,0
,0
,0
,1
,0
,1
list,1
,1
,0
,0
,0
,0
,1
list,0
,0
,0
,1
,1
,1
,1
,1
,0
,0
,0
,0
,1
,0
,0
,1
chew,1
,1
,0
,0
,0
,0
,0
,1
,0
,1
,0
,0
,0
,1
,0
,1
,1
,0
,0
,0
,1
,0
,0
,0
,0
,1
,0
,0
,1
,0
,1
,0
,1
,1
,0
,0
,0
,1
,1
,1
,0
,1
,1
,1
,1
,0
,1
,0
,0
,0
,1
,0
,0
,0
,1
,0
,0
,0
,1
,1
testicles,1
,1
,1
,1
,0
,0
,0
,1
,1
,1
,1
,0
,0
,1
,1
,1
,0
,1
,1
,1
,1
,0
,1
,0
,0
,1
,1
,1
,0
,0
,1
,0
,0
,1
,1
,0
,1
,1
,0
,1
,1
,0
mismatched,0
,1
,1
,0
,0
,1
,1
,0
,0
,1
,0
,0
,1
,1
,1
,1
,0
,1
,0
,0
,0
,0
,1
,0
,1
,1
,0
comedies,1
,0
,1
,1
,1
,0
affleck,1
,1
vagina,0
,1
,1
,1
uturn,0
comedies comedies,0
,0
,0
,0
,0
didactic,1
,1
,0
,1
,1
,1
,0
,1
,1
,1
,1
,0
,0
,0
,0
,0
,0
,1
,0
,0
,0
,1
,1
,0
,1
,1
,0
,0
,0
,0
,1
,0
,0
,1
,0
,0
,0
,0
,0
,0
,0
,1
,1
,0
,0
,1
,1
,0
,0
,0
,1
,0
,1
,1
,0
,1
,1
,1
,1
,1
,0
,0
,0
,1
,1
,0
,0
,0
,0
disgusted,0
,1
,0
,1
,1
,1
,1
,0
,1
,0
,1
rousseau rousseau,1
,0
,0
,0
,1
,0
,1
,0
,1
,1
,0
,1
,1
,0
,1
,0
,1
,0
,0
,0
disgusted,1
,1
,1
,0
,0
,1
,0
,0
,1
,0
,0
,0
,1
,0
,0
,1
,0
,1
,0
,0
,0
,1
wikipedia list,0
,0
,0
,0
,1
,0
,0
,1
,1
,1
,0
,1
,0
,0
,1
,1
,1
,0
,1
,1
,0
,0
,1
comedies,0
,1
,1
,0
comedies,0
,0
,1
,0
,0
,1
,1
,1
,0
,0
,0
,0
,0
,1
,1
,0
,1
,0
,0
,1
comedies,0
,0
,1
,1
,0
,0
,1
,1
,0
,1
,1
,1
,0
,0
,1
,0
,0
,1
,0
,1
,0
,1
,0
,0
,1
,1
,1
,0
,0
,0
,0
,0
,1
list,0
,0
,1
,1
,1
,1
,0
,0
,0
,1
,0
,0
,0
,1
,0
,1
,1
,1
,1
,1
,0
,1
,0
,1
,1
,1
,1
,1
,0
,1
,1
,0
,1
,0
,1
,1
,0
,0
,1
,1
,1
,0
,0
,1
,0
,1
,0
,1
,1
,1
,0
,1
,0
visionaries visionaries visionaries visionaries visionaries,0
,0
,0
,0
,0
,1
,1
,1
,1
,1
,1
,0
,1
,0
,0
,0
,0
successfully,1
,0
,0
,1
,1
,0
,1
,0
,0
,0
,0
,0
,1
,0
,1
,1
upyou,0
,1
,1
,0
,1
comedies,1
,1
,1
,1
successfully,1
,1
,1
,0
,1
,1
,0
,0
,1
,1
,0
,0
,1
,1
,0
,1
,1
,0
,0
,0
,0
,1
,1
,1
,1
,1
,1
,1
,0
,0
,1
,0
streeps,1
,0
,0
,1
,0
,1
,1
,0
,1
,0
,0
,0
,1
lex,0
,0
,1
,0
,0
,1
fluid uturn,1
,0
,1
,0
,1
,0
,0
,1
fluid,1
,1
,1
,1
,1
,0
,1
,1
,0
,0
,0
,1
,1
,0
,0
list list,1
,1
,0
,0
,0
,0
,0
,0
,1
,1
,1
,0
,1
,1
,1
,0
,0
,0
,1
,1
,1
,1
,0
,1
,1
,0
,1
,0
,0
,0
,1
,1
,0
,1
comedies,1
,1
,1
list,0
,1
,0
fluid,1
,0
,0
,1
,0
,1
,1
,1
,0
,1
,0
,1
psychedelic,1
,1
,0
,0
,1
,0
,1
,1
,1
,0
,1
,1
,1
,1
,0
,1
,1
,1
,0
,1
,1
,1
,1
,1
,0
,0
,0
,1
,1
,1
,0
,0
,1
,0
,0
,0
,0
,1
,1
,0
,1
,0
,1
,1
,0
,0
,0
,1
,0
,0
,1
,1
,1
,0
amicably,1
,1
,1
,0
,0
,1
,0
,1
,0
,0
,0
,1
,0
,1
breakthrough,1
,0
,1
,1
,1
,1
,1
,0
,0
psychedelic,1
,1
,1
,1
laboratory,0
,0
,1
,1
,0
,0
,1
,0
,0
,1
,0
,0
,1
,0
,0
,1
,0
,1
,0
,0
,0
,0
,1
,1
,0
,0
,0
,0
,1
,0
,1
,0
,0
,1
,1
,1
,0
,0
,0
,1
,1
,1
,0
,0
,1
,1
,0
,1
,0
,1
,0
,1
,0
,0
,0
,1
,1
,0
,1
ajas ajas,0
,1
,1
,1
,0
,1
,0
,0
,0
,1
,0
,1
,1
handicap,1
,1
,0
,0
,1
,0
,0
,1
,1
,1
list,0
,0
,0
,0
,1
,0
,0
,0
,0
,1
,0
,1
,0
,0
,0
,1
chew,1
,0
,0
,0
,1
,0
,0
,1
,1
,0
,0
,1
,0
,0
,1
,0
,0
,0
,0
,0
,0
,0
,0
,0
,0
,1
,1
,0
,0
,0
,0
,0
,1
,1
,1
,1
,1
,1
,0
,1
,0
,1
,1
,0
,1
,1
,1
,1
,1
mismatched,1
,0
,1
comedies,0
,1
,1
,0
,1
,1
,0
,0
,0
,0
,1
,1
,0
,1
,1
,0
,0
,0
,1
,0
,1
,0
,1
,0
,0
,0
,0
,1
,0
,0
,1
,0
,1
,0
,0
,0
,1
,1
,1
,1
,0
,1
,0
,1
,1
,1
,0
,1
,0
,1
,1
,0
,0
,0
,1
,1
,1
,1
,0
,1
,0
,1
,0
,1
,0
,1
,1
,0
,0
,0
,0
,0
,1
,0
,1
,1
,0
,1
,0
,1
,0
,0
,1
,0
,1
,0
,1
,0
,1
,0
,0
,0
,0
,0
,0
willard,1
,1
,1
,1
,0
disgusted,1
,0
,1
,1
,1
comedies,0
,1
,0
,0
,0
,0
,1
,0
,1
,0
,1
,1
,0
,1
,1
,1
,0
,0
,1
,0
,0
list,0
,0
,1
,1
,0
,0
,0
,0
,1
,1
,1
,1
,0
,0
,1
list,1
,0
,0
,1
,0
,1
,1
,1
,1
,1
,0
,1
,1
,0
,0
,1
,0
,1
,0
,1
,0
list,0
,1
,0
,0
,1
,1
,1
,0
,0
,0
,0
,0
,0
,0
,1
,1
,1
comedies,0
,1
,0
skinkons,1
,0
comedies,0
,1
,0
list,1
,0
,0
,0
,1
,1
,0
,0
,1
,0
,1
,1
,0
,0
,1
,1
,0
,0
,0
,1
,1
,0
,1
,0
,0
,0
,0
,1
,0
,1
,1
,0
,0
,0
,0
,0
,1
,1
,0
,1
,0
,0
,1
,0
,1
,0
,0
,0
,1
,1
,0
,0
breakthrough comedies comedies,1
,0
,0
,1
,0
,1
,0
,1
,0
,1
,0
,1
,0
,1
,1
,0
,0
,1
,0
,0
,0
,0
,1
,1
,0
,1
,0
,1
,1
,1
,0
,1
,0
,0
,1
,1
,0
,0
,1
yorki,1
,0
,0
,0
,1
,1
,0
,0
,1
,1
,1
,0
,0
list,0
,0
,1
,0
,1
,0
,0
,0
,0
,0
,1
,0
,0
,0
,1
,0
,1
,0
,1
,1
,1
,0
,1
,1
,1
,0
,1
,0
,1
minutei,1
,0
,0
,1
,0
,0
,0
,1
,1
,0
,1
,0
,0
,0
,0
,1
,0
,1
,1
,0
,1
,1
,0
lex comedies comedies,1
,1
,1
,1
,1
,1
,1
,0
,1
,0
,0
,1
,0
,1
,0
,1
,0
,1
,0
,1
,0
,1
,1
,1
,1
,0
,0
,0
list,0
,1
,1
,0
,0
,1
,1
,0
,1
chew,0
,0
,0
,0
,1
,1
,0
,0
,1
,0
list,0
,0
,0
,0
,1
,0
,0
,1
,1
,1
,1
,1
,0
,0
,1
,1
,0
,0
,1
,0
,0
,1
,1
,0
,0
breakthrough,1
fluid,1
,0
,0
,0
,1
,1
,0
,1
,1
successfully,0
,1
,0
,0
,1
,1
,0
,1
,0
,0
,0
,1
,0
,1
,1
,1
,0
,1
,0
,1
,0
,1
,1
,0
,1
,1
,1
,0
,1
,0
,1
,0
,1
,0
,1
,0
,1
,1
,0
,0
,0
,1
,1
,1
psychedelic,1
,1
,1
,0
comedies,0
,1
,1
list,1
,1
,0
,0
,1
,0
,1
,0
,1
,1
,0
,0
,1
imbalanced,1
,1
,1
,1
,1
,1
,0
,0
list list list,0
,0
,1
,0
,0
,0
,0
,0
,1
,1
,0
,0
,0
,1
,0
,1
,0
,0
,1
,1
,1
,1
,1
,0
,1
,1
,0
,0
,1
,0
,1
,1
,1
,1
,0
successfully,1
,0
,1
list,0
,1
,0
,1
,0
,1
,1
,1
,1
,1
comedies,1
,1
glories,1
comedies,0
,0
,1
,1
,1
,1
,0
,1
,1
,1
,0
,1
,0
medically,1
successfully,0
,0
,1
,0
,0
,1
,0
,0
,0
,0
,1
,0
,1
,1
,1
,0
,0
,0
,1
,0
,1
,1
,0
,0
,1
,1
,0
,0
,0
,1
,1
,0
,0
,0
,1
,1
,0
,1
,1
list,0
,0
,0
,0
,0
,0
,0
,1
,1
,1
,0
list list list,0
,1
,1
,0
,0
,1
,1
,1
,1
,0
,0
,0
,1
,1
,0
,1
,0
,0
,0
,0
,0
,1
,0
,0
,0
,1
,0
,1
,1
successfully,1
,0
,0
,0
,1
,1
,0
,1
,0
,1
,1
,0
,1
,0
,0
,1
,0
,0
,1
,0
,1
,1
,1
,1
,1
,1
,0
,0
,0
,1
youngster,1
,1
,0
,1
,1
,0
,0
,0
,0
,1
,0
,1
,0
,0
,1
,0
,1
,1
,1
,1
,1
,0
,1
,1
,0
,0
,0
,1
chew,0
,0
,0
sundance,0
,0
,1
,0
,0
,1
,1
,0
,0
,1
,0
,1
,0
,0
,0
,0
,0
,1
filmwhat,1
,1
,1
,0
,1
,0
list,0
,1
,1
,1
,1
,0
list,0
,1
,0
,0
,0
,1
,1
,1
,0
,0
,0
,0
,0
,1
,1
,0
,1
,1
,1
,1
,0
,1
,0
,1
,0
,0
,1
vagina vagina,1
,0
,0
,1
,1
,0
,1
,0
,1
,0
,1
,0
,1
,1
,1
,1
,0
list,0
list,0
,1
,0
,1
,0
,0
,1
,0
,1
,1
,1
,0
,0
,1
,0
,1
,1
,1
,1
,1
,1
,1
list,0
,1
,1
,0
,0
,0
,1
,1
,1
,0
,1
,1
,1
,1
,0
,0
,1
,0
,1
list,0
,1
,1
,1
,1
,1
,1
,1
,1
,0
,0
,1
,0
zombified,0
,1
,0
,1
,0
,0
,1
,1
,1
,1
,1
,1
,0
,0
,0
,0
,0
,0
,0
filmwhat,0
,0
,0
,1
,0
,1
,0
,1
,1
,0
,1
,0
,1
,1
,0
,1
,0
,0
successfully,0
,1
,1
,1
,0
,1
,0
,0
,1
,1
,0
,0
,0
,1
,1
,0
,1
,0
,1
,0
,0
,1
,1
,0
,1
zombified,0
,1
,0
,1
,0
,0
,1
,0
,0
,0
,0
,1
,0
,1
disgusted,0
,1
,0
,0
,0
,0
,1
,1
,0
,1
,0
,1
chew,0
,1
,1
laboratory,1
,1
,0
,1
,0
,1
,0
,1
,1
,0
youngster,0
,1
,1
,1
,1
,1
10acting,0
,0
,1
,0
,1
handicap,1
,0
,1
,1
,0
,0
,0
,0
,1
,1
